Price,Close,High,Low,Open,Volume
Ticker,VCI.VN,VCI.VN,VCI.VN,VCI.VN,VCI.VN
Date,,,,,
2017-07-07,7124.47998046875,7124.47998046875,7124.47998046875,7124.47998046875,703847
2017-07-10,7433.70166015625,7619.23526297626,7173.955062651421,7619.23526297626,16491932
2017-07-11,7297.6435546875,7446.069527287019,7173.954252092046,7446.069527287019,5164339
2017-07-12,7322.38232421875,7408.964777655765,7248.16932418133,7297.644905563619,2319382
2017-07-13,7322.38232421875,7322.38232421875,7322.38232421875,7322.38232421875,0
2017-07-14,7099.74169921875,7248.1684249513455,7087.372247353749,7186.323397842145,3730464
2017-07-17,7198.69287109375,7297.644021876121,7075.0035605798175,7161.586003532377,2889925
2017-07-18,7124.47998046875,7198.693724388398,7124.47998046875,7173.955561724506,1967335
2017-07-19,7136.8466796875,7211.060402705015,7112.109268062873,7173.953541196258,1719454
2017-07-20,7149.2177734375,7173.955190750161,7112.1109033965195,7149.2177734375,2107045
2017-07-21,7136.8466796875,7173.953541196258,7124.477973875186,7149.2161295716305,865179
2017-07-24,7136.8466796875,7149.2161295716305,7136.8466796875,7136.8466796875,1739967
2017-07-25,7112.10986328125,7173.954141590434,7087.371705514449,7112.10986328125,1219813
2017-07-26,7285.27490234375,7359.4886408522825,7124.47946100456,7136.848169398658,1892736
2017-07-27,7421.33251953125,7594.496659759405,7285.2745024486,7347.119529168306,2701674
2017-07-28,7421.33251953125,7421.33251953125,7421.33251953125,7421.33251953125,0
2017-07-31,7545.0205078125,7569.75866542289,7483.1762298943395,7483.1762298943395,895856
2017-08-01,7421.33251953125,7545.021084826799,7421.33251953125,7545.021084826799,1221414
2017-08-02,7421.33251953125,7545.021084826799,7396.595104100912,7421.33251953125,3270678
2017-08-03,7545.0205078125,7557.389958653633,7433.700658745436,7433.700658745436,2938159
2017-08-04,7495.54541015625,7545.020984430519,7483.176702605662,7545.020984430519,1648490
2017-08-07,7545.0205078125,7569.75866542289,7495.544936663597,7495.544936663597,2755944
2017-08-08,7483.17626953125,7545.020547776988,7458.4388558617065,7545.020547776988,1456235
2017-08-09,7421.33251953125,7532.652377111631,7359.488236883475,7433.701227246418,2369832
2017-08-10,7433.70166015625,7483.177237970121,7310.0130876575595,7322.381796093034,1065195
2017-08-11,7433.70166015625,7458.439821099172,7408.964243285302,7408.964243285302,774564
2017-08-14,7421.33251953125,7483.176802179024,7359.488236883475,7483.176802179024,1036736
2017-08-15,7421.33251953125,7545.021084826799,7173.9546448682195,7545.021084826799,930906
2017-08-16,7421.33251953125,7446.069934961587,7297.6439542357,7297.6439542357,451531
2017-08-17,7421.33251953125,7433.701227246418,7359.488236883475,7421.33251953125,1173304
2017-08-18,7421.33251953125,7421.33251953125,7408.963811816081,7408.963811816081,983636
2017-08-21,7421.33251953125,7470.808094463856,7396.595104100912,7421.33251953125,1090082
2017-08-22,7408.96337890625,7421.332085898708,7384.225220849446,7421.332085898708,439334
2017-08-23,7396.595703125,7421.333120558733,7384.226250336142,7421.333120558733,37668705
2017-08-24,7408.96337890625,7408.96337890625,7384.225220849446,7408.96337890625,123114759
2017-08-25,7384.2255859375,7408.963745217398,7359.488170729525,7384.225585937499,372436
2017-08-28,7334.7490234375,7384.2245912608705,7334.7490234375,7359.487179385097,362950
2017-08-29,7334.7490234375,7359.487179385097,7297.642905623841,7322.380317499614,306216
2017-08-30,7334.7490234375,7334.7490234375,7297.642905623841,7334.7490234375,445741
2017-08-31,7322.38232421875,7334.751033546316,7297.644905563619,7334.751033546316,388452
2017-09-01,7322.38232421875,7359.489196273475,7322.38232421875,7359.489196273475,120798
2017-09-04,7322.38232421875,7322.38232421875,7322.38232421875,7322.38232421875,0
2017-09-05,7297.6435546875,7310.012261725477,7272.905396539652,7297.643554687499,253486
2017-09-06,7173.95458984375,7272.905738950003,7173.95458984375,7272.905738950003,388575
2017-09-07,7124.47998046875,7173.955561724506,7112.111271172817,7173.955561724506,1076407
2017-09-08,7099.74169921875,7211.061557500213,7099.74169921875,7211.061557500213,501920
2017-09-11,6827.6259765625,7112.11073328559,6827.6259765625,7112.11073328559,589578
2017-09-12,6926.5771484375,6951.315309290619,6815.257284778392,6815.257284778392,683334
2017-09-13,7161.5859375,7161.5859375,6901.839355109218,6926.576770540753,671938
2017-09-14,6963.6826171875,7062.633752555581,6963.682617187501,7050.2650466525265,355496
2017-09-15,6864.732421875,6976.052278390262,6864.732421875,6963.683570793438,1052998
2017-09-18,6926.5771484375,6926.5771484375,6802.888576387819,6864.732862412659,601467
2017-09-19,6914.20751953125,6926.57622627513,6864.731948483861,6926.57622627513,810477
2017-09-20,6988.421875,7062.634866192056,6914.208139736004,6926.5768475893565,751649
2017-09-21,6926.5771484375,6988.4221785343125,6889.471023265778,6988.4221785343125,120490
2017-09-22,6988.421875,7025.527998560057,6926.5768475893565,6926.5768475893565,467547
2017-09-25,6976.05224609375,6988.421697705232,6877.101097633418,6976.05224609375,146547
2017-09-26,7198.69287109375,7223.430286753373,6951.314994137823,6988.421861699197,713703
2017-09-27,7223.4306640625,7272.906242037996,7149.217669135245,7198.693247110741,1002240
2017-09-28,7285.27490234375,7359.4886408522825,7223.430616301288,7272.906193949652,836781
2017-09-29,7384.2255859375,7396.5950376134115,7297.6438886376645,7297.6438886376645,900722
2017-10-02,7198.69287109375,7421.332588318115,7198.69287109375,7421.332588318115,197244
2017-10-03,7186.3232421875,7297.643842129711,7173.954534662338,7297.643842129711,248003
2017-10-04,7297.6435546875,7297.643554687499,7173.954252092046,7173.954252092046,94495
2017-10-05,7297.6435546875,7310.012261725477,7235.7985313538275,7235.7985313538275,210180
2017-10-06,7285.27490234375,7322.381771598016,7235.799324695386,7322.381771598016,141742
2017-10-09,7310.01318359375,7359.488762056936,7297.64447499595,7297.64447499595,651733
2017-10-10,7322.38232421875,7347.12048694591,7310.013614891185,7347.12048694591,436685
2017-10-11,7347.12109375,7347.12109375,7322.382928979699,7334.751639328804,250529
2017-10-12,7545.0205078125,7545.020507812501,7359.487674058018,7359.487674058018,3014235
2017-10-13,7792.3984375,7841.874009118383,7606.865601984974,7606.865601984974,1781424
2017-10-16,8163.46484375,8163.46484375,7804.767168617707,7940.824419965665,1574447
2017-10-17,8015.0390625,8287.154340499404,7916.087917032599,8274.785633333953,1014560
2017-10-18,7854.2421875,8039.775754602518,7854.2421875,8039.775754602518,1010248
2017-10-19,7940.826171875,7965.564332896256,7792.399437963394,7965.564332896256,508881
2017-10-20,7891.35009765625,7928.456964818677,7792.3989479377315,7903.718805353083,524281
2017-10-23,7792.3984375,7903.718287623392,7792.3984375,7854.242716005008,598941
2017-10-24,7817.13671875,7817.136718749999,7668.710001551718,7668.710001551718,280282
2017-10-25,7817.13671875,7965.56343594828,7817.136718749999,7965.56343594828,437856
2017-10-26,7730.55419921875,8027.407630473642,7705.816785316785,7705.816785316785,64926
2017-10-27,7792.3984375,7792.3984375,7668.709880489982,7730.554158994992,204698
2017-10-30,7742.921875,7916.08672553993,7681.077604409361,7817.135594966195,525082
2017-10-31,7742.921875,7854.241710877505,7730.553169696229,7742.921874999999,662513
2017-11-01,7742.921875,7780.028734983097,7730.553169696229,7742.921874999999,280282
2017-11-02,7742.921875,7841.873005573735,7742.921874999999,7841.873005573735,528593
2017-11-03,7742.921875,7903.717276164373,7742.921874999999,7742.921874999999,290384
2017-11-06,8027.40869140625,8027.40869140625,7755.293382161423,7792.399507918456,468595
2017-11-07,8027.40869140625,8101.6216869923,8027.40869140625,8101.6216869923,74351
2017-11-08,8015.0390625,8027.40776966545,7804.768064399747,7804.768064399747,43366
2017-11-09,8027.40869140625,8039.777399991928,7977.933112991555,8015.039982820573,677051
2017-11-10,8039.77734375,8064.515504820285,7804.7689059781815,7804.7689059781815,297222
2017-11-13,8039.77734375,8138.72849988718,8027.4086352508475,8027.4086352508475,447281
2017-11-14,8596.3779296875,8596.3779296875,7928.45795749691,8039.777828850004,2373282
2017-11-15,8781.9111328125,8905.599707610429,8435.58208167752,8720.066101341548,865055
2017-11-16,8905.599609375,8905.599609375,8485.057566814554,8485.057566814554,331410
2017-11-17,8843.7548828125,9029.287733735315,8670.58999573154,8682.959447717281,1194310
2017-11-20,8843.7548828125,8843.7548828125,8658.221287817742,8670.58999573154,461018
2017-11-21,8781.9111328125,8905.599707610429,8720.066101341548,8843.755420211464,594136
2017-11-22,8905.599609375,8905.599609375,8658.22171843592,8781.91103594145,520093
2017-11-23,8843.7548828125,8905.599166453438,8707.696863544881,8905.599166453438,163795
2017-11-24,8781.9111328125,8893.230998945033,8781.9111328125,8843.755420211464,242459
2017-11-27,8744.802734375,9029.28670431846,8732.43402787134,8905.598151138149,1493873
2017-11-28,8781.9111328125,8893.230998945033,8720.066101341548,8757.172971409722,174021
2017-11-29,8720.06640625,8905.600019006302,8658.22211668857,8744.80456851778,382785
2017-11-30,8819.0166015625,8893.230336167993,8781.910478331685,8893.230336167993,302643
2017-12-01,8781.9111328125,8819.017258808686,8781.9111328125,8806.64855014329,102195
2017-12-04,8893.228515625,8893.228515625,8781.908680577104,8781.908680577104,278249
2017-12-05,9264.2978515625,9276.666560740774,8893.231367710154,8917.968786066702,481839
2017-12-06,9091.1318359375,9264.295961317772,9029.28681452067,9264.295961317772,494467
2017-12-07,9016.9169921875,9029.285697311718,8930.335312246198,9029.285697311718,163610
2017-12-08,9029.2890625,9091.134099314097,8967.444769757956,8967.444769757956,639228
2017-12-11,8843.7548828125,9128.238885189594,8720.06557145868,8720.06557145868,311698
2017-12-12,8843.7548828125,8843.7548828125,8720.06557145868,8781.91059917156,105768
2017-12-13,8905.599609375,9152.97750031408,8781.91103594145,9152.97750031408,200263
2017-12-14,8893.228515625,9078.761326014233,8893.228515625,8905.597220836593,108540
2017-12-15,8905.599609375,8905.599609375,8794.279744470408,8893.230900846042,326051
2017-12-18,8967.443359375,9029.287642390289,8905.599076359711,9029.287642390289,246894
2017-12-19,9264.2978515625,9264.2978515625,9016.91994763693,9016.91994763693,773825
2017-12-20,9041.65625,9264.295945695172,9029.286799294372,9264.295945695172,304737
2017-12-21,9054.0244140625,9202.451116988623,9041.655708169947,9041.655708169947,1694444
2017-12-22,9016.9169921875,9054.02385163193,8905.597157925986,9054.02385163193,484426
2017-12-25,8967.443359375,9276.665518523381,8917.96778414838,9276.665518523381,25009
2017-12-26,8979.8125,9078.763655222785,8967.443791615144,8967.443791615144,55378
2017-12-27,9041.65625,9115.869233874435,8979.81122868746,8979.81122868746,323341
2017-12-28,9165.345703125,9214.821278582893,9091.13271197413,9152.976995278512,264081
2017-12-29,9647.7333984375,9647.7333984375,9165.34631927603,9214.821898059976,805734
2018-01-01,9647.7333984375,9647.7333984375,9647.7333984375,9647.7333984375,0
2018-01-02,9969.32421875,10142.488371246329,9647.733330940253,9647.733330940253,420238
2018-01-03,10266.1748046875,10290.912214919454,10018.79698200909,10266.1748046875,559640
2018-01-04,10501.185546875,10513.554254780922,10266.177120374736,10266.177120374736,549846
2018-01-05,10290.9130859375,10389.864223384042,10266.175673611784,10389.864223384042,113406
2018-01-08,10451.7099609375,10513.554244478444,10142.48779916084,10278.54581820847,432928
2018-01-09,10266.1748046875,10488.814473062183,10266.1748046875,10488.814473062183,383771
2018-01-10,10080.6416015625,10266.17516102917,9895.10804209583,10154.854578906088,230509
2018-01-11,9944.5849609375,10080.64297265678,9870.371973500012,10018.79869244689,275785
2018-01-12,9771.4208984375,10142.487326461227,9771.4208984375,9895.109459754773,143652
2018-01-15,10204.3330078125,10204.3330078125,9647.733661411536,9771.422239706859,232973
2018-01-16,10142.48828125,10142.48828125,9907.479843809688,10018.79970828899,44167
2018-01-17,9870.373046875,10204.332642768704,9845.634885657699,9845.634885657699,4589237
2018-01-18,9895.109375,9895.109375,9709.576534613238,9709.576534613238,353402
2018-01-19,10031.16796875,10266.177139766107,9771.421381875325,10191.963404046517,738405
2018-01-22,10031.16796875,10031.16796875,10031.16796875,10031.16796875,0
2018-01-23,10031.16796875,10031.16796875,10031.16796875,10031.16796875,0
2018-01-24,10031.16796875,10031.16796875,10031.16796875,10031.16796875,0
2018-01-25,10624.873046875,10637.241752672366,10451.708189424613,10513.552462483258,1457899
2018-01-26,10773.30078125,11008.309190212123,10513.553470178358,10637.242772222742,898812
2018-01-29,10958.83203125,11144.365585413345,10884.619056027728,11070.151866119295,722820
2018-01-30,11132.0,11132.0,10921.728232452046,10958.83510249839,872879
2018-01-31,11132.0,11255.68857472516,10661.981630271617,11119.630547269893,547566
2018-02-01,10760.931640625,11119.629361979167,10760.931640625,11119.629361979167,277879
2018-02-02,10785.6708984375,10884.622055381917,10637.244163020876,10760.932737165404,311575
2018-02-05,10142.48828125,10785.67079523439,10142.48828125,10785.67079523439,1040863
2018-02-06,9462.2001953125,9771.422389874973,9437.462032830052,9449.831486107287,1676211
2018-02-07,9895.109375,10080.642959458663,9647.732254484317,9647.732254484317,1584919
2018-02-08,9895.109375,9956.95439920082,9771.42081474216,9895.109375,292971
2018-02-09,9895.109375,9895.109375,9214.820805438074,9214.820805438074,723805
2018-02-12,9895.109375,10080.642959458663,9771.42081474216,10080.642959458663,875281
2018-02-13,9845.6337890625,9919.847520376585,9833.265081867452,9895.109361914589,378781
2018-02-14,9845.6337890625,9845.6337890625,9845.6337890625,9845.6337890625,0
2018-02-15,9845.6337890625,9845.6337890625,9845.6337890625,9845.6337890625,0
2018-02-16,9845.6337890625,9845.6337890625,9845.6337890625,9845.6337890625,0
2018-02-19,9845.6337890625,9845.6337890625,9845.6337890625,9845.6337890625,0
2018-02-20,9845.6337890625,9845.6337890625,9845.6337890625,9845.6337890625,0
2018-02-21,10018.7998046875,10513.55484536393,9647.733338162181,9833.266199388849,1016593
2018-02-22,10142.48828125,10389.866171243997,10105.381411732906,10142.48828125,325805
2018-02-23,10142.48828125,10760.932634199002,10142.48828125,10389.866171243997,35789
2018-02-26,10266.1748046875,10501.183178178158,10055.90309735702,10142.485521312408,735756
2018-02-27,10266.1748046875,10266.1748046875,10167.223675616136,10266.1748046875,239810
2018-02-28,10266.1748046875,10266.1748046875,10266.1748046875,10266.1748046875,0
2018-03-01,10760.931640625,10934.096519668197,10637.243079084354,10934.096519668197,340157
2018-03-02,11132.0,11255.68857472516,10513.554894158233,10760.932787680542,1048810
2018-03-05,11206.2109375,11379.375059120304,11008.308659035738,11131.997955111827,1622002
2018-03-06,11144.3681640625,11156.736872116193,10896.990282628889,10896.990282628889,561796
2018-03-07,11144.3681640625,11255.688024689636,11131.999456008807,11255.688024689636,314778
2018-03-08,11280.4228515625,11750.441090437422,10946.463346335971,11144.365606057669,533768
2018-03-09,11156.734375,11503.063331491214,11156.734375,11268.054210711372,352354
2018-03-12,11181.4736328125,11379.375926359186,11131.998803497736,11156.736218155118,280528
2018-03-13,11193.8447265625,11193.8447265625,10884.622533545018,11132.000436773407,132933
2018-03-14,11020.6767578125,11193.841613957458,10971.2011909242,11193.841613957458,1112012
2018-03-15,11020.6767578125,11131.997341365035,10983.57064070013,10983.57064070013,890065
2018-03-16,11787.5498046875,11787.5498046875,11008.310043301055,11020.67875124244,1408865
2018-03-19,12443.1015625,12455.470271001997,11874.132786616365,11874.132786616365,1005073
2018-03-20,12443.1015625,12554.421427161933,11997.821359780293,11997.821359780293,530318
2018-03-21,12863.6435546875,13234.70925128911,12443.100794914091,12492.576369942026,646435
2018-03-22,13172.86328125,13234.707556095489,12863.641907022555,13234.707556095489,1206938
2018-03-23,13222.33984375,13296.552082080068,12381.255160121087,12381.255160121087,1100862
2018-03-26,13296.5556640625,13482.090030228357,13222.343405740263,13222.343405740263,110018
2018-03-27,12987.33203125,13358.399213453433,12987.33203125,13358.399213453433,316318
2018-03-28,13358.3974609375,13358.3974609375,13024.437189581738,13024.437189581738,176485
2018-03-29,13346.0283203125,13358.397770702753,13234.707731231301,13358.397770702753,316195
2018-03-30,13358.3974609375,13370.76542289726,13234.707424334272,13358.3974609375,1921812
2018-04-02,14286.0634765625,14286.0634765625,13358.397848086743,13358.397848086743,2392255
2018-04-03,14471.59765625,14842.66483518353,14347.909092653439,14842.66483518353,737789
2018-04-04,14459.2275390625,14842.6626243564,14409.751228107109,14842.6626243564,475124
2018-04-05,14471.59765625,14718.976271586967,14422.122826068913,14718.976271586967,374223
2018-04-06,14595.287109375,14830.294775312257,14347.908504184092,14347.908504184092,231063
2018-04-09,14347.9091796875,14780.82064304534,14347.9091796875,14372.646594928101,322848
2018-04-10,14224.2197265625,14471.596839799235,14224.2197265625,14236.58917748184,885322
2018-04-11,13853.154296875,14533.44293129219,13778.942046531556,14224.221501167987,247572
2018-04-12,13853.154296875,13853.154296875,13420.244294701115,13482.088580725956,635593
2018-04-13,13370.7685546875,14100.53354255921,13234.710524256096,13729.466322123017,928073
2018-04-16,13333.6611328125,13667.621468589676,13333.6611328125,13568.670313105473,802592
2018-04-17,13506.8251953125,13729.464909407741,13333.660311841153,13333.660311841153,1336546
2018-04-18,13395.5048828125,13605.776637854213,13358.399503117034,13482.088070485623,1115030
2018-04-19,13111.021484375,13395.50550006019,12937.856589193427,13395.50550006019,1252646
2018-04-20,12999.703125,13111.022252021317,12876.01305654603,13012.071090144567,1607280
2018-04-23,12121.5107421875,13024.43986098351,12096.77258097852,13024.43986098351,1358907
2018-04-24,11750.443359375,12121.509795967915,11503.06548695575,12121.509795967915,1343506
2018-04-25,11750.443359375,11750.443359375,11750.443359375,11750.443359375,0
2018-04-26,10958.83203125,11874.12960873142,10958.83203125,11750.441068670376,538018
2018-04-27,11503.0634765625,11503.0634765625,10934.094841472974,10958.832252355573,902878
2018-04-30,11503.0634765625,11503.0634765625,11503.0634765625,11503.0634765625,0
2018-05-01,11503.0634765625,11503.0634765625,11503.0634765625,11503.0634765625,0
2018-05-02,11255.6865234375,11503.06437187654,11255.6865234375,11503.06437187654,339172
2018-05-03,11379.375,11503.064295433476,10637.242203686536,11255.686448638373,1868404
2018-05-04,11552.5419921875,11626.754987856395,11230.950360096998,11626.754987856395,1540320
2018-05-07,11874.1318359375,11874.1318359375,11503.065402082433,11676.229539462285,393565
2018-05-08,12381.255859375,12517.313125474575,11688.597845502658,11688.597845502658,947107
2018-05-09,12739.953125,12950.224870716664,12121.509571511597,12121.509571511597,844481
2018-05-10,12616.263671875,12739.952225020656,12393.623978584073,12739.952225020656,740930
2018-05-11,12616.263671875,12616.263671875,11874.130864857345,12616.263671875,955115
2018-05-14,12554.4208984375,12863.643806468483,12368.88804650525,12863.643806468483,153508
2018-05-15,12616.263671875,12715.214812020267,12368.886565583687,12529.681982301783,339357
2018-05-16,12381.255859375,12616.264270313482,12381.255859375,12616.264270313482,218188
2018-05-17,12059.666015625,12381.256891113893,12059.666015625,12183.354584944742,482701
2018-05-18,12368.88671875,12368.88671875,11775.179870526403,11775.179870526403,400526
2018-05-21,12269.935546875,12381.255394622205,12245.19738955792,12381.255394622205,80388
2018-05-22,11441.220703125,12121.509264390586,11416.482544931981,12121.509264390586,702368
2018-05-23,11132.0,11503.066468247469,11008.31068120285,11144.368708658118,402251
2018-05-24,11503.0634765625,11552.539042399492,11131.997104820946,11552.539042399492,69362
2018-05-25,11329.9013671875,11503.066261577947,11033.048644366112,11193.84408624869,220406
2018-05-28,10538.29296875,11193.844195166812,10538.29296875,11008.310590535191,958380
2018-05-29,10538.29296875,10995.941881978946,9808.52874692373,10278.546368708921,1772123
2018-05-30,10884.62109375,10884.62109375,10018.7989190158,10538.292075041936,375578
2018-05-31,11008.310546875,11008.310546875,10513.554765867591,10587.768505054692,261124
2018-06-01,11255.6865234375,11255.6865234375,10649.610980779811,10649.610980779811,739698
2018-06-04,11379.375,11503.064295433476,11243.317742316578,11255.686448638373,465699
2018-06-05,11404.11328125,11441.22014469244,11255.686571552096,11379.375124264421,269440
2018-06-06,11404.11328125,11552.539990947904,11404.11328125,11404.11328125,182522
2018-06-07,11391.74609375,11503.065954848673,11379.37664157196,11490.697246742588,466315
2018-06-08,11391.74609375,11416.483509962169,11193.843787764823,11255.688072367202,246586
2018-06-11,11527.802734375,11564.909600715779,11144.367595759986,11144.367595759986,619516
2018-06-12,11132.0,11379.37714945032,10946.46639384027,11329.901570745858,321123
2018-06-13,11305.1630859375,11305.1630859375,11070.153923264092,11131.998948858933,76446
2018-06-14,11564.91015625,11564.91015625,11255.68799139078,11367.007851688586,862407
2018-06-15,11626.75390625,11874.13177558671,11564.909624933802,11874.13177558671,317304
2018-06-18,11008.310546875,11503.066327882409,11008.310546875,11503.066327882409,247572
2018-06-19,10241.439453125,10859.883807032782,10241.439453125,10513.55476050427,2280019
2018-06-20,10315.65234375,10389.8653327228,9895.109592664408,10389.8653327228,1125194
2018-06-21,10266.1748046875,10266.1748046875,10043.534392241043,10043.534392241043,182399
2018-06-22,10612.5048828125,10612.5048828125,10204.331589470792,10266.176614094371,201310
2018-06-25,10637.2431640625,10637.2431640625,10389.86529493306,10612.505005113599,621549
2018-06-26,10624.873046875,10637.241752672366,10389.863916365968,10513.552462483258,300240
2018-06-27,10451.7099609375,10637.243555632274,10451.7099609375,10600.136687878932,310589
2018-06-28,10142.48828125,10389.866171243997,10055.905833734107,10204.332567730506,446788
2018-06-29,10204.3330078125,10587.768939857619,10093.013138532307,10142.488718664838,70470
2018-07-02,9499.3046875,10204.330608530086,9499.3046875,10204.330608530086,462373
2018-07-03,8843.7548828125,9548.78165090625,8843.7548828125,9524.043491006709,1463627
2018-07-04,9214.8203125,9264.295882770868,8781.909630683804,8843.753907504422,1115215
2018-07-05,9474.56640625,9474.56640625,8979.810727779146,8979.810727779146,697009
2018-07-06,9350.87890625,9474.567467688668,9190.083478750968,9474.567467688668,749431
2018-07-09,9400.3544921875,9771.420921070714,9276.665186511822,9350.87891873161,1211004
2018-07-10,9519.9833984375,9859.982399706003,9349.983519039268,9859.982399706003,1169588
2018-07-11,9349.984375,9519.98426996117,8890.985264627263,9519.98426996117,451280
2018-07-12,9026.9833984375,9349.982685999643,8924.983782897432,8958.983149725527,21902
2018-07-13,8941.984375,9043.984000905317,8839.984749094685,8839.984749094685,184253
2018-07-16,8924.986328125,9179.985439695814,8924.986328125,9009.9855269632,36960
2018-07-17,9077.982421875,9094.982103820284,8839.983087001885,8839.983087001885,384250
2018-07-18,9264.9853515625,9264.9853515625,8958.985661619126,9077.985751466023,520912
2018-07-19,9910.982421875,9910.982421875,9264.983775516897,9264.983775516897,839957
2018-07-20,9689.9833984375,9910.983110177138,9349.984366357461,9910.983110177138,114120
2018-07-23,9349.984375,9774.983354874897,9349.984375,9383.98450549784,360750
2018-07-24,9349.984375,9349.984375,9349.984375,9349.984375,0
2018-07-25,9043.984375,9400.983837963475,9043.984375,9179.984134341896,306496
2018-07-26,8941.984375,9264.983695385481,8941.984375,9264.983695385481,39515
2018-07-27,9213.9853515625,9247.985484794768,9009.985309696984,9009.985309696984,176451
2018-07-30,9689.9833984375,9706.98384243472,9349.984366357461,9519.984261161495,554176
2018-07-31,9689.9833984375,9774.983345839517,9349.984366357461,9689.9833984375,447675
2018-08-01,9519.9833984375,9655.983150450493,9434.983458738383,9638.982707993895,119048
2018-08-02,9417.984375,9570.9845915427,9349.984867947298,9366.984555328456,289887
2018-08-03,9502.982421875,9655.982607745365,9400.982802980034,9519.982863376104,101891
2018-08-06,9349.984375,9519.98426996117,9349.984375,9519.98426996117,79578
2018-08-07,9264.9853515625,9468.985397367449,9196.985841312919,9468.985397367449,133878
2018-08-08,9281.982421875,9366.982353859878,9179.982806504302,9349.982670474059,183478
2018-08-09,9519.9833984375,9655.983150450493,9417.983016281785,9417.983016281785,471403
2018-08-10,9604.984375,9774.983515221773,9468.984608305756,9519.984426125093,995737
2018-08-13,10029.9833984375,10029.9833984375,9604.984410040539,9604.984410040539,959918
2018-08-14,10539.9814453125,10539.9814453125,10046.982236218428,10182.981991915827,552488
2018-08-15,10029.9833984375,10369.983195177503,10029.9833984375,10250.983114812894,402228
2018-08-16,10046.9794921875,10165.979529994429,9774.980055081183,9859.97997386788,1044561
2018-08-17,10029.9833984375,10335.983063997895,10029.9833984375,10114.983347622501,518448
2018-08-20,9944.982421875,10114.982302682974,9944.982421875,9944.982421875,186307
2018-08-21,10063.984375,10063.984375,9774.984371989152,9944.984284639286,400129
2018-08-22,10114.9833984375,10216.983034960702,9944.983499213464,10199.983348049518,759009
2018-08-23,10114.9833984375,10199.983348049518,10063.983580175898,10114.9833984375,963340
2018-08-24,10165.9814453125,10233.981696164528,10029.98170113636,10114.981635937436,898956
2018-08-27,10284.9833984375,10454.982541799201,10199.983447992621,10369.983348882379,1222518
2018-08-28,10403.9814453125,10505.981827836398,10284.982135326562,10505.981827836398,570009
2018-08-29,10454.9814453125,10539.981386842843,10318.981690369548,10352.98181848728,1170135
2018-08-30,10862.98046875,10862.98046875,10403.981400708162,10454.981212987483,1557488
2018-08-31,10743.9814453125,10879.981200854076,10709.98131704511,10760.981130682205,364127
2018-09-03,10743.9814453125,10743.9814453125,10743.9814453125,10743.9814453125,0
2018-09-04,10420.9814453125,10709.980623038207,10403.981003516445,10709.980623038207,557324
2018-09-05,10148.9833984375,10437.98261735563,10114.983267527121,10437.98261735563,644523
2018-09-06,10148.9833984375,10199.98321603905,10114.983267527121,10131.98295421829,334011
2018-09-07,10233.982421875,10386.981860849663,10148.982481046422,10148.982481046422,132190
2018-09-10,10233.982421875,10233.982421875,10029.982412380816,10233.982421875,192512
2018-09-11,10471.98046875,10539.979958240754,10199.980995731245,10199.980995731245,726292
2018-09-12,10454.9814453125,10607.981643078307,10437.981760017621,10471.981888135355,284001
2018-09-13,10318.9814453125,10505.981766755121,10318.9814453125,10369.982015041915,318999
2018-09-14,10454.9814453125,10539.981386842843,10318.981690369548,10318.981690369548,1397373
2018-09-17,10352.9814453125,10488.98119535332,10318.981318420307,10454.98106846113,262144
2018-09-18,10369.982421875,10420.982236077272,10199.9825361821,10352.981978788917,855973
2018-09-19,10607.982421875,10675.981925574746,10369.983022633838,10369.983022633838,1858966
2018-09-20,10794.9814453125,10828.98157416686,10573.981744051136,10573.981744051136,1283480
2018-09-21,10998.98046875,11134.98022373828,10794.981215031572,10794.981215031572,2743595
2018-09-24,10879.9814453125,11117.980833475787,10879.9814453125,11049.981332941132,829964
2018-09-25,10845.9814453125,10913.981704184129,10794.98162992278,10879.981574748314,682579
2018-09-26,10879.9814453125,11032.98088966147,10811.981187249849,10811.981187249849,749746
2018-09-27,10896.98046875,11032.980219081295,10845.980657066757,10930.980595714811,768637
2018-09-28,11015.9814453125,11100.981390989493,10896.981369859108,10896.981369859108,1037306
2018-10-01,10913.9814453125,11134.980387583351,10811.98105942443,11015.981073672583,744681
2018-10-02,11015.9814453125,11304.980654591867,10794.98173805792,10913.981813511313,1355530
2018-10-03,11117.98046875,11185.9807245819,11015.98084253012,11015.98084253012,420845
2018-10-04,11287.98046875,11355.979967764455,11134.980270293509,11185.980841464325,730308
2018-10-05,11219.9794921875,11525.97911193558,11202.979807906802,11202.979807906802,1282750
2018-10-08,10947.9814453125,11202.98128838897,10947.9814453125,11134.981027224032,409711
2018-10-09,10896.98046875,11083.980030764536,10896.98046875,10947.980280433241,429241
2018-10-10,10879.9814453125,11049.981332941132,10845.981316281175,10913.981574343825,523284
2018-10-11,10148.9833984375,10641.98264528987,10148.9833984375,10335.98298215253,1778337
2018-10-12,10369.982421875,10505.982178923721,9621.983379343037,9621.983379343037,950974
2018-10-15,10335.9814453125,10539.98068538639,10216.981383584114,10539.98068538639,279529
2018-10-16,10335.9814453125,10352.981129476017,10250.98150943907,10335.9814453125,321645
2018-10-17,10403.9814453125,10488.981385318435,10352.981632814532,10437.981572820467,445759
2018-10-18,10301.9833984375,10403.983039058367,10114.983804789887,10216.983445410753,367686
2018-10-19,10250.982421875,10301.982236432947,10046.982406115223,10046.982406115223,263787
2018-10-22,9859.9833984375,10199.983191673018,9859.9833984375,10199.983191673018,817370
2018-10-23,9519.9833984375,9893.982527091242,9349.983519039268,9859.982399706003,558009
2018-10-24,9349.984375,9689.983407394313,9349.984375,9689.983407394313,487328
2018-10-25,8958.9853515625,9009.985171866685,8737.98562522564,8737.98562522564,564306
2018-10-26,8338.4853515625,9060.984471518575,8338.4853515625,9009.983900880665,960557
2018-10-29,8499.984375,8669.9842443067,8185.485298557728,8185.485298557728,1009244
2018-10-30,8652.9833984375,8703.983200875515,8193.98366143975,8278.983584679045,538616
2018-10-31,8890.9853515625,8890.9853515625,8703.98576828796,8737.985141590214,306314
2018-11-01,8958.9853515625,9043.985304578837,8890.985843666276,9009.985171866685,772789
2018-11-02,9179.9833984375,9179.9833984375,8958.983712532145,9009.983523506005,674046
2018-11-05,9179.9833984375,9332.98358888702,8924.984343568196,9332.98358888702,205791
2018-11-06,9298.984375,9315.984061150328,9179.984299363667,9179.984299363667,122607
2018-11-07,9179.9833984375,9332.98358888702,9077.983776489778,9332.98358888702,312017
2018-11-08,9179.9833984375,9349.983273368995,9179.9833984375,9230.98320941136,146700
2018-11-09,8958.9853515625,9162.985390307324,8958.9853515625,9162.985390307324,211677
2018-11-12,9094.984375,9094.984375,8669.985402487631,8669.985402487631,294267
2018-11-13,8890.9853515625,9009.984673176461,8703.98576828796,9009.984673176461,60733
2018-11-14,8839.9853515625,8907.984854291064,8771.985091305918,8839.9853515625,69585
2018-11-15,8363.986328125,8822.985462362336,8244.98624395944,8805.98577499357,772379
2018-11-16,8482.986328125,8652.986230238237,8465.985883396841,8567.986279181618,201000
2018-11-19,8533.9853515625,8584.985165935743,8499.985222804342,8584.985165935743,85875
2018-11-20,8329.9853515625,8499.985238131854,7989.98633595178,8363.985480381969,777124
2018-11-21,8397.9853515625,8397.9853515625,8261.985597984904,8397.9853515625,276882
2018-11-22,8652.9833984375,8652.9833984375,8448.983431157632,8499.983233595645,554541
2018-11-23,8618.9853515625,8686.984851999492,8601.984908307255,8669.985166272243,277977
2018-11-26,8635.9853515625,8652.985795436409,8584.985534996818,8618.985665216613,113344
2018-11-27,8754.9853515625,8788.985481483243,8754.9853515625,8788.985481483243,656113
2018-11-28,8652.9833984375,8771.982684950262,8499.983233595645,8754.983003313528,224453
2018-11-29,8652.9833984375,8822.982487388275,8601.982838471673,8720.982882512248,117086
2018-11-30,8363.986328125,8805.98577499357,8363.986328125,8652.986316090482,1381995
2018-12-03,8516.9853515625,8652.985104047028,8448.985096556255,8533.98503655008,574481
2018-12-04,8516.9853515625,8635.984661531485,8482.985224059377,8584.984849040782,299971
2018-12-05,8491.484375,8516.98503783398,8448.984785332566,8516.98503783398,732042
2018-12-06,8482.986328125,8533.98614725336,8414.986064268482,8491.485792961019,414822
2018-12-07,8618.9853515625,8618.9853515625,8482.98559316052,8499.985278887769,1394087
2018-12-10,8397.9853515625,8618.985045817088,8380.985666438288,8618.985045817088,451508
2018-12-11,8329.9853515625,8465.985109312385,8329.9853515625,8465.985109312385,270814
2018-12-12,8329.9853515625,8329.9853515625,8329.9853515625,8329.9853515625,0
2018-12-13,8270.486328125,8516.985943994954,8270.486328125,8465.985370428745,532547
2018-12-14,8168.48681640625,8380.987082773965,8074.987396130303,8363.986637248814,789535
2018-12-17,7615.98681640625,8168.485284252087,7615.98681640625,8168.485284252087,3750603
2018-12-18,7734.9853515625,7751.9857921987195,7139.986594908135,7139.986594908135,445485
2018-12-19,7683.986328125,7921.985703546228,7683.986328125,7921.985703546228,138806
2018-12-20,7683.986328125,7700.986012966532,7394.987140651219,7394.987140651219,652052
2018-12-21,7734.9853515625,7734.9853515625,7513.985683514671,7513.985683514671,316535
2018-12-24,7768.98681640625,7768.98681640625,7658.486963307613,7734.986686792513,504211
2018-12-25,7564.98681640625,7683.986891607359,7309.987737443889,7318.48720172396,259543
2018-12-26,7819.986328125,7819.986328125,7479.987317786337,7479.987317786337,748833
2018-12-27,8040.986328125,8074.986457695881,7819.986622206282,7904.986567369481,487784
2018-12-28,8040.986328125,8040.986328124999,8040.986328124999,8040.986328124999,0
2018-12-31,8040.986328125,8040.986328124999,8040.986328124999,8040.986328124999,0
2019-01-01,8040.986328125,8040.986328124999,8040.986328124999,8040.986328124999,0
2019-01-02,7649.98486328125,7955.9844396191775,7649.98486328125,7955.9844396191775,91168
2019-01-03,7547.9873046875,7887.987094529148,7122.988324913467,7887.987094529148,118866
2019-01-04,7292.98779296875,7462.987695597333,7054.988383805571,7122.988647868229,334011
2019-01-07,7054.98681640625,7309.986613696076,7054.98681640625,7309.986613696076,178869
2019-01-08,6629.98779296875,7139.986620880844,6595.987669100509,7139.986620880844,1030599
2019-01-09,6612.98828125,6765.9884813863055,6612.98828125,6629.988724336249,737198
2019-01-10,6502.48828125,6629.988571342725,6476.9883747370495,6612.988128648778,587349
2019-01-11,6561.98876953125,6663.989160166633,6544.989083189364,6629.989029954839,344278
2019-01-14,6485.48974609375,6604.489835940646,6476.989523239513,6476.989523239513,156739
2019-01-15,6714.98876953125,6714.98876953125,6485.48884459282,6485.48884459282,302161
2019-01-16,6748.98828125,6782.988411118447,6697.988465211337,6782.988411118447,104492
2019-01-17,6697.98828125,6765.988539119256,6697.98828125,6748.988095887945,29066
2019-01-18,6629.98779296875,6731.9874070455935,6595.987669100509,6697.987283177352,269125
2019-01-21,6612.98828125,6714.988667183533,6493.988967286193,6493.988967286193,65296
2019-01-22,6697.98828125,6748.988095887945,6595.98865197411,6629.988780908738,223587
2019-01-23,6680.9892578125,6697.988945200944,6629.989438119101,6629.989438119101,249231
2019-01-24,6714.98876953125,6714.98876953125,6629.988825388424,6680.98864036852,60596
2019-01-25,6611.1484375,6766.908176396054,6611.1484375,6766.908176396054,305036
2019-01-28,6325.58837890625,6680.374978085417,6316.935188291162,6680.374978085417,1744526
2019-01-29,6438.08203125,6438.08203125,6282.321895036478,6334.241811908523,233808
2019-01-30,6403.46826171875,6438.081795430518,6403.46826171875,6438.081795430518,251786
2019-01-31,6247.7080078125,6403.467740033725,6247.7080078125,6368.854594739233,393786
2019-02-01,6022.72119140625,6273.6679398479555,6022.72119140625,6273.6679398479555,841371
2019-02-04,6022.72119140625,6022.72119140625,6022.72119140625,6022.72119140625,0
2019-02-05,6022.72119140625,6022.72119140625,6022.72119140625,6022.72119140625,0
2019-02-06,6022.72119140625,6022.72119140625,6022.72119140625,6022.72119140625,0
2019-02-07,6022.72119140625,6022.72119140625,6022.72119140625,6022.72119140625,0
2019-02-08,6022.72119140625,6022.72119140625,6022.72119140625,6022.72119140625,0
2019-02-11,6126.56201171875,6143.868779922959,6022.7221736882975,6022.7221736882975,785201
2019-02-12,6377.50830078125,6507.308088136683,6161.175064790615,6213.094979732788,1311132
2019-02-13,6628.45556640625,6732.295404059897,6377.508777946735,6377.508777946735,1110451
2019-02-14,6628.45556640625,6663.069102689066,6559.229265035419,6628.45556640625,690199
2019-02-15,6472.69482421875,6576.534646058946,6412.121337747074,6576.534646058946,920448
2019-02-18,6472.69482421875,6472.69482421875,6472.69482421875,6472.69482421875,0
2019-02-19,6619.80126953125,6697.681910495566,6576.534932279713,6576.534932279713,838496
2019-02-20,6784.21533203125,6818.828093231318,6628.454821852081,6654.41477834949,940251
2019-02-21,6810.17431640625,6836.13426919799,6697.680930577176,6810.17431640625,1192859
2019-02-22,6922.66845703125,6991.894748292271,6732.2944208753925,6784.215103314519,573797
2019-02-25,7164.9619140625,7182.268294757394,6922.6687283603815,6922.6687283603815,2718726
2019-02-26,7216.8828125,7277.456309992942,7113.0429717662855,7251.496349809513,1422058
2019-02-27,7372.6416015625,7372.641601562499,7182.268328251976,7216.881860997904,587029
2019-02-28,7614.93701171875,7614.93701171875,7225.536814855918,7268.803160642957,1726319
2019-03-01,7614.93701171875,7666.856935141145,7441.870086180854,7597.6298564480385,260045
2019-03-04,7528.4013671875,7632.241183939075,7528.4013671875,7614.934804878695,990353
2019-03-05,7502.4423828125,7614.935789233195,7493.788806566371,7528.402340356141,480347
2019-03-06,7459.1748046875,7502.441912008238,7407.254892858373,7424.561273069849,674730
2019-03-07,7528.4013671875,7528.4013671875,7355.33449180511,7459.174308556685,341951
2019-03-08,7407.2548828125,7528.401857712628,7372.641351241792,7459.174794571213,297872
2019-03-11,7216.8828125,7424.562493967429,7216.8828125,7407.256110910085,1047801
2019-03-12,7268.80126953125,7355.33470978694,7130.34791936108,7268.80126953125,593144
2019-03-13,7303.4150390625,7528.401836856776,7268.801507587682,7355.33495067738,746917
2019-03-14,7251.49462890625,7338.028066046761,7251.49462890625,7294.760961879185,382379
2019-03-15,7095.73583984375,7234.189218322678,7078.429456731945,7199.576452099066,340764
2019-03-18,7009.20166015625,7251.4956259414375,6991.895278826485,7251.4956259414375,781641
2019-03-19,7095.73583984375,7095.73583984375,6974.589615671455,7009.202381895067,652828
2019-03-20,7009.20166015625,7095.7351091945675,6939.975363642444,7095.7351091945675,453562
2019-03-21,6974.5888671875,7095.735078358885,6974.588867187499,7009.201629696613,299013
2019-03-22,6888.0546875,6991.89450639637,6836.134778051815,6991.89450639637,280989
2019-03-25,6524.615234375,6749.602046373594,6524.615234375,6749.602046373594,673407
2019-03-26,6576.5341796875,6663.067615482752,6559.227801006301,6654.414040544838,371930
2019-03-27,6663.0693359375,6697.682873432003,6611.14941529316,6611.14941529316,228286
2019-03-28,6628.45556640625,6663.069102689066,6611.149183862242,6628.45556640625,145285
2019-03-29,6541.92138671875,6628.454832244016,6541.92138671875,6628.454832244016,168785
2019-04-01,6576.5341796875,6576.5341796875,6403.467308096996,6524.614272449275,109785
2019-04-02,6576.5341796875,6784.214579835031,6507.307122573447,6784.214579835031,146517
2019-04-03,6567.8818359375,6576.535412497578,6490.001960481123,6541.921877452041,143460
2019-04-04,6576.5341796875,6611.147708244527,6472.694365211049,6567.880604749586,241473
2019-04-05,6515.96142578125,6576.53491472751,6490.001469260669,6507.307849876151,239922
2019-04-08,6732.294921875,6732.294921875,6515.961685192663,6533.268837691888,685590
2019-04-09,6697.68212890625,6766.908425005115,6576.535146739809,6732.294891358311,1120809
2019-04-10,6507.30810546875,6645.761469414893,6507.30810546875,6515.961681713742,429469
2019-04-11,6403.46826171875,6559.228777824332,6386.1618804602385,6507.308091659308,856977
2019-04-12,6282.32177734375,6438.08191063927,6282.32177734375,6438.08191063927,149301
2019-04-15,6282.32177734375,6282.32177734375,6282.32177734375,6282.32177734375,0
2019-04-16,6178.48193359375,6230.4018493927,6057.334949266363,6230.4018493927,536289
2019-04-17,6117.908203125,6213.094840247819,6083.295055806412,6213.094840247819,354636
2019-04-18,6161.17529296875,6368.855346026212,6074.641841128794,6074.641841128794,1040272
2019-04-19,6230.40185546875,6351.548454316904,6126.561638172205,6161.17517247018,477335
2019-04-22,6178.48193359375,6351.548448122709,6152.521975694275,6351.548448122709,352172
2019-04-23,6178.48193359375,6325.588490223234,6143.868399329531,6325.588490223234,444938
2019-04-24,6109.25537109375,6334.241805856791,6109.25537109375,6334.241805856791,543955
2019-04-25,6109.25537109375,6143.868520442916,6057.335068673923,6126.56175296964,219297
2019-04-26,6109.25537109375,6178.482055389467,6057.335068673923,6100.60179455842,659992
2019-04-29,6109.25537109375,6109.25537109375,6109.25537109375,6109.25537109375,0
2019-04-30,6109.25537109375,6109.25537109375,6109.25537109375,6109.25537109375,0
2019-05-01,6109.25537109375,6109.25537109375,6109.25537109375,6109.25537109375,0
2019-05-02,6091.9482421875,6247.70836901102,6057.334709294557,6247.70836901102,203920
2019-05-03,6022.72119140625,6109.254632716633,5901.574604930119,6109.254632716633,194429
2019-05-06,5763.12158203125,5970.801621672135,5763.12158203125,5970.801621672135,427051
2019-05-07,5451.6025390625,5832.349555661278,5434.295768854045,5771.776052730408,997426
2019-05-08,5140.08203125,5451.601932345435,5114.121686027761,5451.601932345435,2028025
2019-05-09,5339.10791015625,5365.067866830929,5140.081447117919,5140.081447117919,820244
2019-05-10,5607.36181640625,5624.6685838883395,5339.108270024707,5339.108270024707,464376
2019-05-13,5520.82861328125,5546.78857287507,5486.215462355292,5546.78857287507,1293245
2019-05-14,5529.48095703125,5538.134532634335,5416.987944567238,5416.987944567238,1013077
2019-05-15,5644.4951171875,5750.661361104479,5626.80067749554,5653.34213991609,640097
2019-05-16,5458.70361328125,5644.494214756012,5449.856591967106,5644.494214756012,323744
2019-05-17,5467.5517578125,5529.48170373799,5458.7043410840215,5485.245802799914,282084
2019-05-20,5591.41162109375,5591.41162109375,5432.162468605536,5485.24538802336,502340
2019-05-21,5591.41162109375,5653.341562336298,5591.41162109375,5591.41162109375,686092
2019-05-22,5538.32958984375,5591.412517774348,5529.482172365447,5573.718077052547,1049170
2019-05-23,5591.41162109375,5591.41162109375,5494.092804082825,5494.092804082825,423765
2019-05-24,5502.9404296875,5635.648137027428,5485.245989861886,5529.481892308529,159385
2019-05-27,5396.77392578125,5609.105995275853,5396.77392578125,5502.939763411183,246173
2019-05-28,5396.77392578125,5458.703866320466,5325.996569283049,5396.77392578125,1487401
2019-05-29,5379.080078125,5414.468563138467,5379.080078125,5414.468563138467,241473
2019-05-30,5379.080078125,5387.927100819672,5325.99715348741,5379.080078125,638089
2019-05-31,5361.38525390625,5396.774130615904,5361.38525390625,5387.926714321115,510280
2019-06-03,5396.77392578125,5414.467969229748,5308.302131599815,5308.302131599815,337570
2019-06-04,5387.9267578125,5396.774174178706,5325.996814422834,5396.774174178706,84734
2019-06-05,5458.70361328125,5538.328382047415,5379.079238749802,5432.162155104101,368736
2019-06-06,5396.77392578125,5485.2453257279485,5361.385050414781,5485.2453257279485,831013
2019-06-07,5423.31494140625,5502.939313113146,5343.69017546465,5423.31494140625,673955
2019-06-10,5679.88330078125,5679.88330078125,5485.245276482564,5485.245276482564,675552
2019-06-11,5750.66064453125,5856.826480984429,5732.966207044143,5750.66064453125,709318
2019-06-12,5626.7998046875,5679.8831155292955,5626.7998046875,5662.188678582031,182748
2019-06-13,5768.35498046875,5803.743857238588,5573.717340938894,5573.717340938894,1542613
2019-06-14,5768.35498046875,5839.132339773674,5768.35498046875,5768.35498046875,425362
2019-06-17,5803.74365234375,5874.5210091499575,5697.577420017069,5768.354776823277,460543
2019-06-18,5821.43798828125,5874.520906398749,5750.660632713009,5821.43798828125,1060532
2019-06-19,5821.43798828125,5874.520906398749,5750.660632713009,5874.520906398749,364857
2019-06-20,5786.04931640625,5786.04931640625,5750.660834497749,5768.354878334627,203007
2019-06-21,5786.04931640625,5839.132236386373,5732.966396426127,5786.04931640625,128859
2019-06-24,5750.66064453125,5768.354687783624,5679.883288817553,5697.577332069928,163857
2019-06-25,5662.189453125,5750.661255728853,5609.106529256597,5715.272376993402,107367
2019-06-26,5432.1630859375,5715.272547319202,5432.1630859375,5715.272547319202,291895
2019-06-27,5449.857421875,5556.023270750602,5343.6911787646195,5343.6911787646195,182018
2019-06-28,5343.69091796875,5467.551594591705,5343.69091796875,5432.162717203787,166595
2019-07-01,5387.9267578125,5591.411814948666,5343.690858685736,5343.690858685736,147065
2019-07-02,5449.857421875,5520.6347858703275,5414.468542759947,5449.857421875,275878
2019-07-03,5449.857421875,5556.023270750602,5432.1629823174735,5449.857421875,46405
2019-07-04,5449.857421875,5449.857421875,5449.857421875,5449.857421875,0
2019-07-05,5449.857421875,5449.857421875,5449.857421875,5449.857421875,0
2019-07-08,5449.857421875,5449.857421875,5449.857421875,5449.857421875,0
2019-07-09,5449.857421875,5449.857421875,5449.857421875,5449.857421875,0
2019-07-10,5449.857421875,5449.857421875,5449.857421875,5449.857421875,0
2019-07-11,5449.857421875,5449.857421875,5449.857421875,5449.857421875,0
2019-07-12,5449.857421875,5449.857421875,5449.857421875,5449.857421875,0
2019-07-15,5449.857421875,5449.857421875,5449.857421875,5449.857421875,0
2019-07-16,5449.857421875,5449.857421875,5449.857421875,5449.857421875,0
2019-07-17,5962.9931640625,6042.61754744319,5909.909847573945,5927.6042864034625,378729
2019-07-18,5927.60400390625,6069.158719326672,5874.521084182277,6069.158719326672,88202
2019-07-19,5998.3818359375,6069.159199244419,5839.132669938238,5839.132669938238,212270
2019-07-22,5980.6875,6051.464864531155,5927.604575160329,5998.381939691484,214050
2019-07-23,5998.3818359375,5998.3818359375,5839.132669938238,5945.298912016005,656661
2019-07-24,5998.3818359375,6016.076275322924,5927.604472630581,5998.3818359375,275331
2019-07-25,5998.3818359375,5998.3818359375,5998.3818359375,5998.3818359375,0
2019-07-26,5998.3818359375,5998.3818359375,5998.3818359375,5998.3818359375,0
2019-07-29,5998.3818359375,5998.3818359375,5998.3818359375,5998.3818359375,0
2019-07-30,5998.3818359375,5998.3818359375,5998.3818359375,5998.3818359375,0
2019-07-31,5945.29833984375,5945.29833984375,5715.271832675194,5715.271832675194,315166
2019-08-01,5892.2158203125,5945.29874272245,5874.521381430929,5874.521381430929,167598
2019-08-02,5874.52099609375,5892.21543381466,5786.049201723936,5892.21543381466,194931
2019-08-05,5874.52099609375,5927.603915021744,5768.354764003026,5768.354764003026,244211
2019-08-06,5874.52099609375,5874.52099609375,5874.52099609375,5874.52099609375,0
2019-08-07,5874.52099609375,5927.603915021744,5768.354764003026,5927.603915021744,135338
2019-08-08,5945.29833984375,5945.29833984375,5786.049189170539,5909.909464478709,188269
2019-08-09,5945.29833984375,5945.29833984375,5945.29833984375,5945.29833984375,0
2019-08-12,5927.60400390625,5927.60400390625,5839.1322082098,5874.521084182277,105359
2019-08-13,5945.29833984375,5980.686820974054,5927.60390216123,5945.29833984375,477107
2019-08-14,5927.60400390625,5962.992879878728,5750.660806748094,5927.60400390625,425499
2019-08-15,6086.853515625,6086.853515625,5839.1325519394095,5927.6043528438895,212270
2019-08-16,6086.853515625,6086.853515625,6086.853515625,6086.853515625,0
2019-08-19,6086.853515625,6086.853515625,6086.853515625,6086.853515625,0
2019-08-20,6086.853515625,6086.853515625,6086.853515625,6086.853515625,0
2019-08-21,6193.01953125,6352.268698400676,6113.395144792051,6263.796895068658,138943
2019-08-22,6281.49072265625,6334.573641790355,6122.2415710191935,6122.2415710191935,164176
2019-08-23,6051.4638671875,6193.018572920135,6051.4638671875,6139.935656829076,228971
2019-08-26,5936.45068359375,6016.075452824731,5839.1318716311935,5927.603662227962,327805
2019-08-27,5786.04931640625,5962.992908652986,5564.870220332575,5909.909594438118,420617
2019-08-28,5732.96630859375,5839.1321469274735,5715.271870793216,5768.354789960078,375763
2019-08-29,5803.74365234375,5821.438090103986,5679.883376491572,5732.9662955375425,94408
2019-08-30,5803.74365234375,5821.438090103986,5573.717144164891,5573.717144164891,634257
2019-09-02,5803.74365234375,5803.74365234375,5803.74365234375,5803.74365234375,0
2019-09-03,5529.48095703125,5803.743348116743,5529.48095703125,5786.048911284032,2327
2019-09-04,5662.189453125,5768.355300861805,5547.1761885869455,5591.412089888871,410761
2019-09-05,5644.4951171875,5697.578042028599,5626.80067749554,5697.578042028599,479388
2019-09-06,5715.271484375,5786.048836557031,5626.799695588784,5750.6603575833715,454839
2019-09-09,5626.7998046875,5750.6604690836375,5626.7998046875,5662.188678582031,17932
2019-09-10,5644.4951171875,5750.661361104479,5617.953654766951,5741.813944141108,123702
2019-09-11,5732.96630859375,5732.96630859375,5626.800076025288,5644.494513825822,269992
2019-09-12,5715.271484375,5750.6603575833715,5626.799695588784,5626.799695588784,51379
2019-09-13,5803.74365234375,5812.590674106499,5662.188938731335,5812.590674106499,158609
2019-09-16,5892.2158203125,5909.909864959308,5697.577781084748,5874.521381430929,262326
2019-09-17,5918.75732421875,5927.604346605981,5856.826984803833,5892.21586282229,114211
2019-09-18,5856.826171875,5945.297960406472,5856.826171875,5918.756502693973,83092
2019-09-19,6104.5478515625,6104.5478515625,5786.049531378909,5856.826892060289,239374
2019-09-20,6193.01953125,6246.102849790077,5927.604515488725,6157.631046458059,285187
2019-09-23,6263.79638671875,6299.185262873419,6139.936108646901,6299.185262873419,327121
2019-09-24,6254.94970703125,6254.94970703125,6122.242005542382,6122.242005542382,82316
2019-09-25,6334.57373046875,6334.57373046875,6139.93609476245,6139.93609476245,69540
2019-09-26,6334.57373046875,6440.739964457933,6263.7963725542095,6334.57373046875,58953
2019-09-27,6193.01953125,6334.574258887316,6193.01953125,6334.574258887316,20989
2019-09-30,6060.3115234375,6290.33802794948,6060.3115234375,6281.490612093031,115808
2019-10-01,6193.01953125,6193.01953125,6060.312220486751,6060.312220486751,81312
2019-10-02,6369.962890625,6405.35137404312,6175.325246238433,6193.019290830112,532502
2019-10-03,6281.49072265625,6369.962517369585,6281.49072265625,6299.185160445864,230157
2019-10-04,6122.24169921875,6281.490854190479,6122.24169921875,6281.490854190479,97465
2019-10-07,5945.29833984375,6157.630409329786,5945.29833984375,6157.630409329786,119641
2019-10-08,6139.93603515625,6139.93603515625,5945.298401339482,5945.298401339482,94864
2019-10-09,6069.1591796875,6175.325421423162,5962.993332186611,5962.993332186611,105314
2019-10-10,6069.1591796875,6122.242103437944,6069.1591796875,6104.548058344311,86833
2019-10-11,6157.63037109375,6193.018852004308,6016.0756589820485,6193.018852004308,91123
2019-10-14,6157.63037109375,6193.018852004308,5892.215384442993,6157.63037109375,254889
2019-10-15,6175.32470703125,6228.407624640802,6069.158477577419,6157.630269749824,147613
2019-10-16,6193.01953125,6246.102849790077,6139.9366069447005,6175.325485971418,144875
2019-10-17,6210.71337890625,6210.71337890625,6104.547540412847,6122.2415840052545,55714
2019-10-18,6104.5478515625,6193.0192567381555,6104.5478515625,6193.0192567381555,10494
2019-10-21,6069.1591796875,6104.548058344311,6033.770695265462,6104.548058344311,122972
2019-10-22,6086.853515625,6086.853515625,6016.0761537483695,6016.0761537483695,65342
2019-10-23,6157.63037109375,6175.324808666396,6024.922680651005,6024.922680651005,306177
2019-10-24,6193.01953125,6193.01953125,6139.9366069447005,6139.9366069447005,36686
2019-10-25,6175.32470703125,6210.713187359375,6069.158477577419,6210.713187359375,207570
2019-10-28,6157.63037109375,6316.879520778098,6051.464139892607,6051.464139892607,41797
2019-10-29,6051.4638671875,6228.407446470652,6033.769824646958,6228.407446470652,60368
2019-10-30,6193.01953125,6193.01953125,6016.076318820743,6104.54812215276,99564
2019-10-31,6193.01953125,6193.01953125,6157.631046458059,6193.01953125,298876
2019-11-01,6193.01953125,6193.01953125,6069.159243126042,6193.01953125,120782
2019-11-04,6104.5478515625,6193.0192567381555,6104.5478515625,6193.0192567381555,1178668
2019-11-05,6175.32470703125,6228.407624640802,6086.852914858846,6228.407624640802,557461
2019-11-06,6104.5478515625,6122.241896056775,6016.076052152084,6122.241896056775,339304
2019-11-07,6024.9228515625,6104.5476257807895,6016.0758296425765,6016.0758296425765,923779
2019-11-08,6060.3115234375,6157.630338215323,6051.46410758105,6131.0888791154375,657208
2019-11-11,6016.07568359375,6060.311580588967,6016.07568359375,6051.464164649083,708907
2019-11-12,6024.9228515625,6051.464311557014,6016.0758296425765,6016.0758296425765,581782
2019-11-13,6007.22900390625,6078.006763160984,5901.063153493718,5998.3819811168005,477289
2019-11-14,6016.07568359375,6175.324833929584,5998.381245948716,5998.381245948716,593326
2019-11-15,5936.45068359375,6016.075452824731,5918.756640862173,6016.075452824731,566678
2019-11-18,6007.22900390625,6007.22900390625,5945.299055910535,5945.299055910535,202186
2019-11-19,6016.07568359375,6016.07568359375,5945.29832724835,6016.07568359375,167918
2019-11-20,6016.07568359375,6016.07568359375,5839.132095612882,5839.132095612882,162625
2019-11-21,5927.60400390625,6016.0757996027,5839.1322082098,5839.1322082098,467159
2019-11-22,5909.9091796875,5998.38096960202,5909.9091796875,5936.450637814912,1863894
2019-11-25,5856.826171875,6299.184720297649,5856.826171875,5945.297960406472,2003476
2019-11-26,5856.826171875,6016.075312384707,5839.131735321764,5839.131735321764,476057
2019-11-27,5839.1328125,5927.604617352372,5839.1328125,5839.1328125,670304
2019-11-28,5909.9091796875,6016.075406431867,5856.826263432675,5856.826263432675,72825
2019-11-29,5962.9931640625,6016.076086316293,5856.826925320151,5918.757264106084,1788787
2019-12-02,5909.9091796875,5962.992490177042,5874.520700262522,5962.992490177042,245078
2019-12-06,5573.71728515625,5768.354922738141,5485.245488351846,5768.354922738141,326437
2019-12-09,5741.8134765625,5750.660892805391,5609.106175266635,5741.8134765625,85784
2019-12-10,5626.7998046875,5644.494241634765,5591.411325027689,5644.494241634765,853919
2019-12-11,5573.71728515625,5697.577564141567,5547.175824961878,5662.189081960654,69996
2019-12-12,5644.4951171875,5715.272481720559,5556.023312962482,5715.272481720559,125299
2019-12-13,5609.1064453125,5653.341951717638,5520.634644032687,5538.3290831356035,104994
2019-12-16,5556.0234375,5573.717877588579,5538.329391646212,5573.717877588579,193243
2019-12-17,5458.70361328125,5520.63394518441,5414.467718241095,5520.63394518441,232530
2019-12-18,5219.83056640625,5458.70410578744,5166.747645262598,5458.70410578744,223997
2019-12-19,5308.302734375,5396.774538602699,5237.525369839796,5237.525369839796,57767
2019-12-20,5308.302734375,5361.385659217706,5166.748005304594,5219.830930147301,683811
2019-12-23,5219.83056640625,5308.30236446884,5175.594667374955,5308.30236446884,140357
2019-12-24,5219.83056640625,5582.564386534214,5131.35876834366,5308.30236446884,442154
2019-12-25,5272.9140625,5299.455525965865,5175.595231713563,5290.608502888842,313113
2019-12-26,5219.83056640625,5272.913487549903,5131.35876834366,5131.35876834366,99108
2019-12-27,5272.9140625,5272.9140625,5184.442649025383,5202.136695179428,99929
2019-12-30,5219.83056640625,5219.83056640625,5193.289105834424,5219.83056640625,213822
2019-12-31,5219.83056640625,5219.83056640625,5113.664329884192,5219.83056640625,258767
2020-01-01,5219.83056640625,5219.83056640625,5219.83056640625,5219.83056640625,0
2020-01-02,5131.3583984375,5131.3583984375,5060.581043936532,5131.3583984375,83594
2020-01-03,5131.3583984375,5131.3583984375,5042.88660675261,5131.3583984375,11179
2020-01-06,5060.58154296875,5184.442221235591,4954.415697865474,4954.415697865474,103853
2020-01-07,5060.58154296875,5202.136265929627,5060.58154296875,5202.136265929627,83594
2020-01-08,5060.58154296875,5060.58154296875,4954.415697865474,4954.415697865474,12046
2020-01-09,5113.66357421875,5131.358010063444,5060.5806609193605,5131.358010063444,16974
2020-01-10,5095.9697265625,5113.663768845939,4972.109065170167,5060.580853526202,39104
2020-01-13,5131.3583984375,5202.135752938468,4989.8036894355655,4989.8036894355655,186444
2020-01-14,5131.3583984375,5131.3583984375,5042.88660675261,5131.3583984375,299925
2020-01-15,5131.3583984375,5281.76052314876,5042.88660675261,5042.88660675261,4791
2020-01-16,5042.88720703125,5122.511986719655,4963.262821577618,4963.262821577618,110059
2020-01-17,5095.9697265625,5210.982972578404,5042.886417008052,5042.886417008052,139125
2020-01-20,5051.73486328125,5131.359252509635,5051.73486328125,5131.359252509635,49599
2020-01-21,5113.66357421875,5131.358010063444,5042.886225074666,5042.886225074666,246128
2020-01-22,5060.58154296875,5210.98368251141,5060.58154296875,5210.98368251141,201593
2020-01-23,5060.58154296875,5060.58154296875,5060.58154296875,5060.58154296875,0
2020-01-24,5060.58154296875,5060.58154296875,5060.58154296875,5060.58154296875,0
2020-01-27,5060.58154296875,5060.58154296875,5060.58154296875,5060.58154296875,0
2020-01-28,5060.58154296875,5060.58154296875,5060.58154296875,5060.58154296875,0
2020-01-29,5060.58154296875,5060.58154296875,5060.58154296875,5060.58154296875,0
2020-01-30,4777.47216796875,5308.30258406962,4777.47216796875,5308.30258406962,461958
2020-01-31,4742.08349609375,4954.415575281467,4706.694619111754,4954.415575281467,246538
2020-02-03,4742.08349609375,4742.08349609375,4423.585180194798,4441.279618685797,440055
2020-02-04,4742.08349609375,4777.471978840992,4600.528776635273,4600.528776635273,29887
2020-02-05,4715.54248046875,4830.555355926834,4512.05740420677,4635.91769686264,269673
2020-02-06,4742.08349609375,4777.471978840992,4582.834338144275,4582.834338144275,109192
2020-02-07,4689.00048828125,4910.179998344146,4423.585470440556,4706.6949279332375,277110
2020-02-10,4671.30615234375,4777.471995183395,4627.070253082313,4777.471995183395,44945
2020-02-11,4689.00048828125,4742.0838072372135,4600.529078490872,4671.306442864043,140951
2020-02-12,4839.40234375,4848.249365928044,4680.153184901909,4689.000207079954,254752
2020-02-13,4892.48486328125,4892.48486328125,4777.471613243322,4777.471613243322,155598
2020-02-14,4980.95703125,5113.664334221696,4919.026693706705,4919.026693706705,137985
2020-02-17,4954.41552734375,5042.886930473204,4883.638168299335,4945.568111066479,80171
2020-02-18,5007.49853515625,5007.49853515625,4865.943814605574,4963.262635704818,65342
2020-02-19,4972.109375,5007.498250241505,4839.402078431194,5007.498250241505,9491
2020-02-20,4954.41552734375,4954.41552734375,4874.790752022064,4874.790752022064,21172
2020-02-21,4954.41552734375,5016.345470110893,4892.485190341856,4954.41552734375,587394
2020-02-24,4812.8603515625,4910.179161714422,4706.694125974677,4812.8603515625,40063
2020-02-25,4865.943359375,4865.943359375,4715.541630698689,4777.471568749066,61874
2020-02-26,4689.00048828125,4865.944096331567,4529.751714117701,4865.944096331567,139171
2020-02-27,4759.77734375,4759.77734375,4600.528586612962,4688.999986944181,356963
2020-02-28,4600.52880859375,4618.222852972909,4600.52880859375,4618.222852972909,34405
2020-03-02,4600.52880859375,4777.47201202864,4600.52880859375,4600.52880859375,244029
2020-03-03,4600.52880859375,4689.000213193816,4600.52880859375,4689.000213193816,136479
2020-03-05,4671.30615234375,4742.083512315098,4600.528792372402,4680.153174502136,317995
2020-03-06,4706.69384765625,4706.69384765625,4627.069478849804,4671.305370709393,50329
2020-03-09,4512.05615234375,4582.833499115009,4379.348479309634,4423.584370321007,437272
2020-03-10,4512.05615234375,4582.833499115009,4264.335241527004,4264.335241527004,782691
2020-03-11,4228.94775390625,4335.1136017653525,4202.406291941475,4335.1136017653525,465015
2020-03-12,3936.990478515625,4087.3926064786638,3936.990478515625,3936.990478515625,91260
2020-03-13,3662.728271484375,3892.754764659036,3662.728271484375,3662.728271484375,66072
2020-03-16,3415.00732421875,3476.937654905524,3415.00732421875,3476.937654905524,323562
2020-03-17,3415.00732421875,3503.4791125613674,3176.1338110814513,3415.00732421875,514158
2020-03-18,3344.23046875,3415.007831082091,3299.994765130481,3361.924907891715,131460
2020-03-19,3308.841796875,3308.841796875,3131.898203971587,3131.898203971587,137574
2020-03-20,3211.52294921875,3299.994750294817,3167.287048680717,3167.287048680717,294130
2020-03-23,2990.34375,3184.981601019372,2990.34375,3184.981601019372,628325
2020-03-24,2831.0947265625,2990.343695285094,2795.7060449444357,2990.343695285094,378500
2020-03-25,2839.941650390625,2884.1773499668357,2831.0944316284363,2831.0944316284363,465243
2020-03-26,2813.39990234375,2839.9415577646478,2778.011225566579,2839.9415577646478,509915
2020-03-27,2813.39990234375,2831.0943392910153,2724.9283089595033,2831.0943392910153,502386
2020-03-30,2618.762451171875,2751.469948550699,2618.762451171875,2742.6227294941446,811529
2020-03-31,2512.596435546875,2654.1511532048753,2512.596435546875,2618.762473790375,351442
2020-04-01,2565.67919921875,2636.4565537197172,2512.596281901706,2512.596281901706,662456
2020-04-02,2565.67919921875,2565.67919921875,2565.67919921875,2565.67919921875,0
2020-04-03,2654.1513671875,2724.9287317227027,2609.9154650736505,2609.9154650736505,1228496
2020-04-06,2804.55322265625,2804.55322265625,2724.9286409278952,2742.6228829134275,1182912
2020-04-07,2778.01171875,2804.553378882868,2654.151426599531,2804.553378882868,1051862
2020-04-08,2724.9287109375,2760.3173929351638,2671.8455893823098,2742.6229533776373,912143
2020-04-09,2910.718994140625,2910.718994140625,2724.9283864946506,2724.9283864946506,2349716
2020-04-10,3114.2041015625,3114.2041015625,3061.1209819053124,3114.2041015625,5238460
2020-04-13,3184.9814453125,3308.8419257454448,3149.5927647769986,3193.8286647257205,1529289
2020-04-14,3096.509765625,3184.9815689570173,3016.885379167051,3184.9815689570173,1495568
2020-04-15,3238.064453125,3308.8420131837265,3149.5928480070183,3149.5928480070183,5097966
2020-04-16,3308.841796875,3397.3131990919596,3202.675562286003,3238.064241443211,1495660
2020-04-17,3503.479248046875,3503.479248046875,3308.841621553917,3335.383080236163,2122753
2020-04-20,3379.619140625,3521.173856643804,3291.1473445545616,3503.4794185827673,4119430
2020-04-21,3149.5927734375,3326.53597948417,3149.5927734375,3273.4530570936454,3149975
2020-04-22,3238.064453125,3291.1475738896984,3008.0381221243383,3008.0381221243383,2102721
2020-04-23,3326.5361328125,3379.61945188453,3238.0645257112883,3326.5361328125,2754819
2020-04-24,3255.758544921875,3282.300003912679,3238.064107516429,3273.452785209956,2508509
2020-04-27,3123.05126953125,3273.453012325757,3096.509611581591,3255.7587708100295,1595863
2020-04-28,3131.898193359375,3131.898193359375,3069.9680543234504,3114.2039523994135,1433329
2020-04-29,3131.898193359375,3131.898193359375,3131.898193359375,3131.898193359375,0
2020-04-30,3131.898193359375,3131.898193359375,3131.898193359375,3131.898193359375,0
2020-05-01,3131.898193359375,3131.898193359375,3131.898193359375,3131.898193359375,0
2020-05-04,3140.745361328125,3291.1472940703734,3078.8152232992115,3096.509463971457,1885751
2020-05-05,3273.45263671875,3273.45263671875,3149.5923689686683,3220.3697211451026,1286674
2020-05-06,3255.758544921875,3291.1472226154024,3238.064107516429,3273.452785209956,655566
2020-05-07,3361.925048828125,3361.925048828125,3246.9117809376203,3255.759000879365,1794536
2020-05-08,3476.938232421875,3591.9514975239367,3370.7719899296735,3370.7719899296735,5930576
2020-05-11,3715.8115234375,3715.8115234375,3556.5623680365215,3689.2700632431283,3311642
2020-05-12,3972.379150390625,3972.379150390625,3875.0603401066387,3972.379150390625,7146114
2020-05-13,3857.3662109375,3963.5324451324905,3715.811494834009,3830.8247509474386,4347763
2020-05-14,4016.615478515625,4122.781321473301,3751.200476886678,3768.89452122312,4391978
2020-05-15,4016.615478515625,4016.615478515625,4016.615478515625,4016.615478515625,0
2020-05-18,4016.615478515625,4016.615478515625,4016.615478515625,4016.615478515625,0
2020-05-19,4405.890625,4405.890625,4158.170069626695,4352.8077051678265,3090200
2020-05-20,4405.890625,4405.890625,4405.890625,4405.890625,0
2020-05-21,4122.78173828125,4290.877936115052,4034.3103249504256,4228.947986206955,5176906
2020-05-22,4105.0869140625,4220.099769016087,4034.3095602723656,4140.475393840206,3642140
2020-05-25,4140.47607421875,4193.558999725456,4052.0042688843832,4105.0875886258755,3396058
2020-05-26,4335.11328125,4335.11328125,4140.475645075607,4140.475645075607,42162
2020-05-27,4069.69921875,4326.267249827931,4069.6992187500005,4299.725783748811,3410614
2020-05-28,4131.6279296875,4158.169385235138,4043.156148372253,4122.780515015168,3863811
2020-05-29,4034.310546875,4140.476406406017,4007.768687757428,4096.2405001898205,5733455
2020-06-01,4167.01708984375,4175.864505968715,4052.003834097158,4069.6982721123436,1243965
2020-06-02,4211.2529296875,4343.960621619123,4202.4059079192875,4211.2529296875,5177772
2020-06-03,4184.71142578125,4273.183219464343,4140.4755289397035,4167.016988197684,1768527
2020-06-04,4458.974609375,4476.668655822469,4202.406599303852,4202.406599303852,11423014
2020-06-05,4458.974609375,4458.974609375,4458.974609375,4458.974609375,0
2020-06-08,4458.974609375,4458.974609375,4458.974609375,4458.974609375,0
2020-06-09,4458.974609375,4458.974609375,4458.974609375,4458.974609375,0
2020-06-10,4467.82177734375,4494.363242109627,4308.572594513668,4370.5029417905935,4836780
2020-06-11,4158.169921875,4520.903720152204,4158.169921875,4476.6678237856395,5974107
2020-06-12,4087.3935546875,4087.3935546875,3875.0614373362596,3883.908461054502,5207295
2020-06-15,3804.282958984375,4087.3923664863914,3804.282958984375,4087.3923664863914,4668952
2020-06-16,3936.990478515625,4007.767834546839,3875.060538385021,3928.1434568497484,3951466
2020-06-17,3928.143798828125,3998.9211610211114,3839.6719975282003,3945.8382379350637,2622538
2020-06-18,3866.213134765625,3936.990491021667,3839.671675448951,3928.1434693276874,1815480
2020-06-19,4034.310546875,4043.1575704243123,3875.061363343657,3875.061363343657,3659297
2020-06-22,4052.004150390625,4149.322975718595,4034.310105229012,4069.6985897870127,2096789
2020-06-23,4220.10009765625,4290.877456958168,4069.6983569777044,4122.781277895456,6147638
2020-06-24,4069.69921875,4317.420225879836,3981.2274023297136,4220.100991276619,3296083
2020-06-25,4043.1572265625,4105.087568845096,3954.685421654444,3981.2268842799035,2326901
2020-06-26,3972.379150390625,4140.475313084303,3875.0603401066387,4043.1565028003165,3506391
2020-06-29,3715.8115234375,3972.3794976294234,3706.964501450959,3883.907700825019,3374521
2020-06-30,3627.33984375,3857.3663651744805,3600.798382698677,3839.6719263953446,3940378
2020-07-01,3875.060302734375,3875.060302734375,3627.339374572194,3627.339374572194,1705329
2020-07-02,3928.143798828125,4034.310039234989,3910.4493597211863,3972.379699478088,1257517
2020-07-03,3954.68505859375,3981.226518782566,3901.602138216119,3981.226518782566,1940917
2020-07-06,4043.1572265625,4052.004249359392,3963.53283868612,4052.004249359392,1500268
2020-07-07,4052.004150390625,4175.864831930564,4052.004150390625,4140.475953137789,4157394
2020-07-08,4193.55810546875,4202.405520656389,4016.614926767111,4052.0034048135576,3107722
2020-07-09,4273.18359375,4335.1135393647855,4220.100276349767,4228.947693033857,4161090
2020-07-10,4273.18359375,4273.18359375,4273.18359375,4273.18359375,0
2020-07-13,4379.34912109375,4423.585018587797,4352.80766144427,4423.585018587797,2952945
2020-07-14,4432.4326171875,4485.515538672804,4299.724919239485,4379.34930146744,3561512
2020-07-15,4432.4326171875,4432.4326171875,4432.4326171875,4432.4326171875,0
2020-07-16,4394.78955078125,4498.307016612339,4357.146607199822,4498.307016612339,2269499
2020-07-17,4357.1474609375,4404.200939961312,4328.915457392275,4404.200939961312,1454684
2020-07-20,4394.78955078125,4441.843020585422,4328.914609186363,4366.557552767792,2737754
2020-07-21,4366.55810546875,4423.022108642647,4272.451153948735,4423.022108642647,2197540
2020-07-22,4253.6298828125,4423.022319765013,4234.808407741043,4423.022319765013,2758287
2020-07-23,4234.8076171875,4253.629088745366,4131.290152637068,4206.575619523312,3068298
2020-07-24,4046.593994140625,4234.807443985777,3943.0765338240103,4234.807443985777,6996721
2020-07-27,3764.274169921875,3943.0771206561053,3764.274169921875,3820.7381713442073,7281087
2020-07-28,3952.487548828125,3952.487548828125,3745.452602565818,3764.274075683825,3253692
2020-07-29,3848.9697265625,3914.8446668274755,3717.2202653777667,3820.7377291190014,3475910
2020-07-30,3848.9697265625,3999.5406591579713,3848.9697265625,3914.8446668274755,1431915
2020-07-31,3773.6845703125,3896.0235155158994,3745.4525705494466,3745.4525705494466,1175748
2020-08-03,3943.077392578125,3943.0773925781255,3783.0954850551752,3848.970437487601,1382954
2020-08-04,4027.773193359375,4093.6481424031217,3990.130664866715,3990.130664866715,1442136
2020-08-05,4056.005859375,4084.237865208251,3952.4883648712994,4046.5953305456974,1446288
2020-08-06,4018.36328125,4103.0592978336845,3999.541804449624,4065.4167635782705,1652125
2020-08-07,4027.773193359375,4046.5946672783416,3990.130664866715,4018.3626660725286,686822
2020-08-10,4027.773193359375,4074.8266684841547,4018.3626660725286,4027.773193359375,1873111
2020-08-11,4140.701171875,4215.986640102814,4008.951287967404,4065.415703647186,2823538
2020-08-12,4197.1650390625,4225.397036361076,4103.058101837102,4140.701044465348,1612792
2020-08-13,4215.98779296875,4291.273281783454,4178.344838888726,4197.166315928738,1665723
2020-08-14,4150.1123046875,4253.62978621166,4103.058827750102,4225.397783918279,2150039
2020-08-17,4084.236572265625,4168.932982298464,4037.1831043240945,4112.468569161501,1122315
2020-08-18,4065.416259765625,4131.290791385336,4018.3627832685256,4084.2373148882366,1377980
2020-08-19,4187.75390625,4197.164851158348,4027.7724556052544,4037.1829811684056,2400229
2020-08-20,4168.93310546875,4225.39710092872,4121.879636137034,4150.111633867019,2820755
2020-08-21,4347.736328125,4375.968327743312,4168.933384312193,4168.933384312193,6366936
2020-08-24,4441.8427734375,4460.6638248357685,4385.378361207086,4460.6638248357685,3188670
2020-08-25,4385.37841796875,4479.485353558967,4385.37841796875,4441.842830930005,3359919
2020-08-26,4583.00341796875,4648.878365418295,4328.9149939202025,4375.968467906268,7941536
2020-08-27,4902.96728515625,4902.96728515625,4583.003881309895,4592.414828665713,10412674
2020-08-28,4799.44873046875,4987.6621841671185,4799.44873046875,4884.144721731234,3099189
2020-08-31,4742.98583984375,4968.842288438914,4742.98583984375,4818.271322708804,5791587
2020-09-01,4884.14501953125,4959.430489470006,4761.806078462617,4761.806078462617,3328571
2020-09-02,4884.14501953125,4884.14501953125,4884.14501953125,4884.14501953125,0
2020-09-03,5025.3056640625,5034.716190983223,4884.145244180119,4912.377244287544,4773810
2020-09-04,5232.3408203125,5345.269244603263,4884.14543948845,4931.198914664163,8788794
2020-09-07,4987.6630859375,5354.6799531220695,4987.6630859375,5269.983946546533,6950589
2020-09-08,5157.0546875,5157.0546875,4987.662282297102,5015.894699285269,6043100
2020-09-09,5279.39404296875,5279.39404296875,5062.948151382384,5081.769624421471,6449800
2020-09-10,5232.3408203125,5364.090299197329,5194.698291779095,5364.090299197329,3205781
2020-09-11,5232.3408203125,5288.804822785245,5175.876817839755,5232.3408203125,2635634
2020-09-14,5269.9833984375,5307.625924329822,5232.340453199933,5232.340453199933,3438904
2020-09-15,5307.62646484375,5439.375947901746,5232.3409860469965,5307.62646484375,4139644
2020-09-16,5307.62646484375,5307.62646484375,5307.62646484375,5307.62646484375,0
2020-09-17,5345.26953125,5392.3230089490135,5232.341100903309,5392.3230089490135,3231972
2020-09-18,5514.66162109375,5552.304149283997,5307.626248338948,5345.269195874465,3469431
2020-09-21,5571.125,5608.767523980461,5495.839532693854,5495.839532693854,2707547
2020-09-22,5533.482421875,5561.714421559916,5477.018422505166,5524.071895095111,2006214
2020-09-23,5514.66162109375,5589.947096819514,5495.840147325992,5552.304149283997,2362310
2020-09-24,5326.447265625,5486.428730577203,5298.215267065507,5458.196732017711,4831532
2020-09-25,5326.447265625,5382.911262743985,5232.340324196534,5326.447265625,3444699
2020-09-28,5420.55419921875,5420.55419921875,5317.036731535153,5345.26873005384,3473583
2020-09-29,5382.91162109375,5524.072042633742,5382.91162109375,5420.5545679091865,3575475
2020-09-30,5420.55419921875,5458.196724128588,5307.625785798768,5364.089782836142,1781167
2020-10-01,5796.982421875,5796.982421875,5495.8404996656645,5495.8404996656645,9803422
2020-10-02,5928.7314453125,5966.374392323567,5684.053547776354,5834.624497130096,5285459
2020-10-05,6060.48095703125,6173.4093793875845,6004.016955525716,6173.4093793875845,3560645
2020-10-06,6022.8388671875,6107.534875605795,5891.089380977276,6060.4813978138645,5217607
2020-10-07,5956.962890625,6126.3552976945075,5928.730892670953,5947.552364422059,3840905
2020-10-08,6116.94482421875,6126.355350502808,5947.552415689104,5966.373887602449,3841726
2020-10-09,6399.265625,6399.265625,6098.1237329691885,6116.945206057428,6323633
2020-10-12,6587.478515625,6681.585453403482,6399.265059413255,6493.371997191736,5262462
2020-10-13,6455.7294921875,6625.12190780838,6455.7294921875,6587.478962405852,3139480
2020-10-14,6888.62109375,6907.442567122046,6408.676248507029,6455.729722264513,6551601
2020-10-15,7368.56591796875,7368.56591796875,6907.442154310821,6945.085098805248,6325504
2020-10-16,7585.0126953125,7876.743662508552,7359.155840390294,7622.654805557391,7001284
2020-10-19,7246.22705078125,7622.653983467162,7246.22705078125,7528.547879313545,7078946
2020-10-20,7528.54833984375,7528.54833984375,7246.227494041555,7283.870441219954,3759181
2020-10-21,7001.548828125,7509.725623925937,7001.548828125,7340.333638222438,9548853
2020-10-22,7246.22705078125,7246.22705078125,6700.407285499768,6973.317168140508,6812969
2020-10-23,7217.99462890625,7462.672498227523,7208.583683566068,7453.261552887341,2915255
2020-10-26,6738.05029296875,7246.227569067075,6738.05029296875,7246.227569067075,5202550
2020-10-27,6521.6044921875,6850.978380194803,6436.908073987315,6775.692908097555,6310263
2020-10-28,6521.6044921875,6738.049962376306,6408.676074369004,6436.908073987315,4468591
2020-10-29,6738.05029296875,6907.442718334858,6587.479341386714,6775.693240536894,3952424
2020-10-30,6945.08544921875,7001.549449464039,6738.050082743929,6738.050082743929,3876268
2020-11-02,7246.22705078125,7302.6910487496125,6963.906222248955,6992.138640578376,3845468
2020-11-03,7161.53271484375,7359.156753569088,7123.88976123727,7321.513799962608,2609442
2020-11-04,7321.51220703125,7396.798097864363,7199.173263445313,7246.227154888631,4267682
2020-11-05,7321.51220703125,7425.030097254156,7246.227154888631,7321.51220703125,3989202
2020-11-06,7265.0478515625,7396.797734706728,7152.119859547705,7396.797734706728,3111190
2020-11-09,7265.0478515625,7321.511847569897,7217.994801119819,7246.2267991235185,2036010
2020-11-10,7622.654296875,7773.2252438782325,7283.870295135612,7396.798295715407,15172613
2020-11-11,7792.04638671875,7904.9743764331115,7697.939449059971,7716.760501115553,3587795
2020-11-12,7999.0830078125,8093.189965397425,7773.2261418705575,7773.2261418705575,3256886
2020-11-13,7923.7958984375,8036.724733539941,7867.331900231521,8017.902841677625,3969901
2020-11-16,7961.43994140625,8168.474909609807,7904.975935413516,7999.082891631606,5586252
2020-11-17,8074.3671875,8093.189080172634,7942.6181322441735,7961.4391862262855,3823930
2020-11-18,8102.60009765625,8224.939059003676,8036.725981976618,8074.36809416766,2563082
2020-11-19,7679.119140625,8093.189035468446,7622.654301609515,8093.189035468446,10326342
2020-11-20,7660.2978515625,7829.690704573308,7622.654902150034,7716.761856335908,4924891
2020-11-23,7744.99365234375,7876.743552431386,7650.886700665519,7660.29764744051,3704289
2020-11-24,7904.97509765625,7923.796151429001,7679.119097621192,7754.404151402708,4414611
2020-11-25,7848.51123046875,8083.778180716889,7810.868283595701,7952.028286006479,4066819
2020-11-26,7848.51123046875,7904.975231433062,7707.351228057972,7829.690176377489,2241984
2020-11-27,8036.7265625,8055.5476199550385,7810.869679586166,7886.15558678767,4643354
2020-11-30,7848.51123046875,8055.5461802347345,7848.51123046875,8036.725126143472,3701688
2020-12-01,7961.43994140625,7999.082891631606,7688.53001998097,7773.226028970071,4107110
2020-12-02,8309.6357421875,8469.616812530585,7961.439921195434,7999.08287132523,7724839
2020-12-03,8319.044921875,8431.973759655806,8130.831869621331,8319.044921875,3680013
2020-12-04,8215.52734375,8356.687333589029,8215.52734375,8243.759341717805,3738557
2020-12-07,8243.7607421875,8337.867697630782,8168.474842356636,8224.938847884487,3308220
2020-12-08,8413.15234375,8526.08034923496,8224.938442148032,8243.76033552256,7228750
2020-12-09,8271.9921875,8526.08019525228,8271.9921875,8469.616193529551,7954677
2020-12-10,8093.18798828125,8469.614887971555,8093.18798828125,8281.401857471606,7579873
2020-12-11,8206.1171875,8224.938241725351,8046.13529116766,8093.189184766834,3659252
2020-12-14,8563.7216796875,8639.007561583718,8206.11583740645,8206.11583740645,5895624
2020-12-15,8413.15234375,8657.830248094448,8375.509395691495,8563.723297293463,5732542
2020-12-16,8441.3837890625,8610.776624822089,8347.276844460617,8413.151789550984,4806071
2020-12-17,8262.5791015625,8497.845994053328,8262.5791015625,8431.97190156054,5200359
2020-12-18,8836.6328125,8836.6328125,8281.402917608675,8450.79491835033,11378251
2020-12-21,9448.328125,9448.328125,8846.044300554928,9128.364319081951,9815971
2020-12-22,9966.83203125,9986.036480749102,9467.530891802135,9601.957759610912,8247576
2020-12-23,9678.7763671875,9966.834627335382,9601.96026065659,9966.834627335382,5658576
2020-12-24,9851.609375,9890.017420669794,9121.860785959123,9621.162812455319,11070157
2020-12-25,10120.4638671875,10370.114877573451,9697.97793687452,9793.997622079658,6414711
2020-12-28,10370.115234375,10754.193988410438,10178.075857357282,10178.075857357282,9286115
2020-12-29,10523.7470703125,10734.99005288347,10235.688846687131,10370.115732466602,7249922
2020-12-30,10715.787109375,10811.806808345478,10389.320817465095,10427.728012463564,4655583
2020-12-31,11176.6796875,11234.291328191104,10658.174065543033,10658.174065543033,5422669
2021-01-01,11176.6796875,11176.6796875,11176.6796875,11176.6796875,0
2021-01-04,11579.9619140625,11714.389644842906,11311.107308238721,11311.107308238721,577493
2021-01-05,12060.0595703125,12252.098942565932,11503.145904219771,11579.96199541596,504622
2021-01-06,11714.3896484375,12367.322140533168,11618.369962955892,12367.322140533168,703021
2021-01-07,11791.2060546875,11887.225749707448,11330.312032034028,11810.409651396641,1225758
2021-01-08,11599.166015625,12098.468059495804,11426.331087702216,11848.817037560402,385710
2021-01-11,11215.0888671875,11599.166795875455,11138.272768007631,11541.555149359117,782691
2021-01-12,11599.166015625,11695.185705272237,11042.252329113267,11215.088112773123,587714
2021-01-13,11330.3115234375,11675.98223884537,11253.496284311906,11599.166143982697,685499
2021-01-14,11618.3701171875,11752.796994056613,11330.311056918752,11330.311056918752,1215583
2021-01-15,11964.0400390625,11964.0400390625,11579.962145320718,11637.573786595132,975706
2021-01-18,12290.5078125,12540.158842026383,12002.448734799456,12175.284523714621,1036439
2021-01-19,11618.3701171875,12271.30261795072,11445.534338731433,12136.875741081609,928981
2021-01-20,11426.330078125,11637.57303438965,10946.23167230807,11522.349759288387,647580
2021-01-21,11752.796875,11791.204920460832,11234.291256358387,11618.369999492641,396707
2021-01-22,11714.3896484375,11868.020974060662,11618.369962955892,11868.020974060662,539300
2021-01-25,11579.9619140625,11733.593239638521,11311.107308238721,11522.35027393862,493260
2021-01-26,10869.4169921875,11483.942298216318,10773.397306153367,11483.942298216318,637724
2021-01-27,10120.4638671875,10850.213303599141,10120.4638671875,10235.688002875884,864460
2021-01-28,9419.521484375,9505.938947805244,9419.521484375,9419.521484375,722596
2021-01-29,9409.919921875,9947.630047340177,8766.588730019766,8766.588730019766,1004361
2021-02-01,9141.0654296875,9697.979160715038,9141.0654296875,9400.31869803165,617419
2021-02-02,9313.8994140625,9409.919101515152,8833.8018325363,8833.8018325363,369739
2021-02-03,9947.62890625,9947.62890625,9333.10360806021,9486.734932607656,488286
2021-02-04,10178.076171875,10504.543294040855,9986.037644660068,10370.115554827022,543590
2021-02-05,10408.5234375,10485.338676020372,10178.076010464734,10178.076010464734,395885
2021-02-08,9870.8134765625,10485.338815870095,9697.978545783648,10408.523576325188,772652
2021-02-09,9870.8134765625,9870.8134765625,9870.8134765625,9870.8134765625,0
2021-02-10,9870.8134765625,9870.8134765625,9870.8134765625,9870.8134765625,0
2021-02-11,9870.8134765625,9870.8134765625,9870.8134765625,9870.8134765625,0
2021-02-12,9870.8134765625,9870.8134765625,9870.8134765625,9870.8134765625,0
2021-02-15,9870.8134765625,9870.8134765625,9870.8134765625,9870.8134765625,0
2021-02-16,9870.8134765625,9870.8134765625,9870.8134765625,9870.8134765625,0
2021-02-17,10658.17578125,10658.17578125,10178.077271978227,10370.116675686935,374622
2021-02-18,10562.1552734375,10677.3785645756,10466.135578910045,10619.76691900655,370561
2021-02-19,10715.787109375,10754.195160110623,10370.116364228707,10562.155762169665,462596
2021-02-22,10562.1552734375,10927.029599199557,10370.11588438259,10927.029599199557,470125
2021-02-23,10562.1552734375,10715.786613534005,10446.9319822994,10638.970515617195,362621
2021-02-24,10562.1552734375,10562.1552734375,10562.1552734375,10562.1552734375,0
2021-02-25,10562.1552734375,10562.1552734375,10562.1552734375,10562.1552734375,0
2021-02-26,10331.70703125,10427.72671830371,10178.075703111477,10178.075703111477,272913
2021-03-01,10562.1552734375,10638.970515617195,10331.707835424186,10427.72752995164,401544
2021-03-02,10466.1357421875,10754.194830263743,10466.1357421875,10754.194830263743,449364
2021-03-03,10466.1357421875,10619.767084680738,10427.727692629907,10466.1357421875,439188
2021-03-04,10274.0966796875,10523.747726213933,9986.03843810866,10466.136077898165,544229
2021-03-05,10178.076171875,10274.09586335101,9870.8135014466,10274.09586335101,440055
2021-03-08,10293.30078125,10370.116024467352,10197.281085425462,10350.912427597295,367914
2021-03-09,10312.5029296875,10370.11456794301,10139.66801492097,10197.27965317648,173895
2021-03-10,11023.0478515625,11023.0478515625,10274.094845677448,10312.502889610862,957864
2021-03-11,11368.720703125,11503.147598917169,11234.292951595666,11330.312651868453,827682
2021-03-12,11291.9033203125,11522.350745986014,11253.496129147807,11368.719414116027,598483
2021-03-15,11714.3896484375,11772.001288579057,11157.475986086403,11330.310906511073,1099044
2021-03-16,11772.001953125,12002.448526700258,11618.370618829134,11868.021644027052,735281
2021-03-17,11714.3896484375,11791.204883380564,11579.961917615843,11714.3896484375,735829
2021-03-18,12424.9345703125,12482.547069852519,11714.390392918294,11772.002036721226,884400
2021-03-19,12943.4404296875,13154.683398328942,12482.546446541523,12482.546446541523,795741
2021-03-22,12770.60546875,13097.072595881244,12578.566082877165,12943.441258330395,412358
2021-03-23,12463.3408203125,12674.583769031427,12098.466558367354,12674.583769031427,757914
2021-03-24,11829.61328125,12290.5072718544,11656.777499937687,12271.302820743555,908265
2021-03-25,11656.7763671875,12098.466719496742,11618.369180172156,11887.223767964446,747373
2021-03-26,12271.302734375,12271.302734375,11445.534447321215,11714.389915084304,794600
2021-03-29,12348.1201171875,12559.363109835585,12194.488772012788,12271.304016731572,699644
2021-03-30,12444.1396484375,12501.751295140268,12252.10025560352,12386.528001734732,601494
2021-03-31,12271.302734375,12444.13851447085,12117.671405254829,12386.526873017918,834162
2021-04-01,12924.2353515625,13020.255033691043,12194.486794269973,12290.506476398517,723052
2021-04-02,12732.197265625,13058.664388786929,12674.585621711034,13058.664388786929,492712
2021-04-05,12828.216796875,13039.45977382863,12751.401557863262,12828.216796875,527209
2021-04-06,12943.4404296875,13001.052070613618,12674.584964382895,12674.584964382895,669346
2021-04-07,13173.8876953125,13231.499339308235,12866.625023510525,12943.441119329565,547468
2021-04-08,12962.64453125,13250.703602873184,12770.605150167878,13250.703602873184,685955
2021-04-09,13135.48046875,13154.68492177414,12789.810583161243,12866.625828046363,615320
2021-04-12,12981.84765625,13269.90671742613,12866.624374074367,13231.498671455236,981045
2021-04-13,12636.1767578125,13039.458211855663,12578.564265783642,13001.051024819062,811620
2021-04-14,12905.033203125,12905.033203125,12386.527546134588,12482.54723901979,679795
2021-04-15,12597.76953125,12905.032181872268,12578.565080750463,12905.032181872268,528486
2021-04-16,12367.3232421875,12789.810067088185,12098.468612332235,12482.547388471567,607745
2021-04-19,12386.5263671875,12578.564878942618,12040.85567684906,12367.321916996076,534190
2021-04-20,12156.0791015625,12559.3614358618,11964.03973175578,12559.3614358618,585797
2021-04-21,12156.0791015625,12156.0791015625,12156.0791015625,12156.0791015625,0
2021-04-22,11675.9814453125,12271.302289221661,11618.369805949485,12136.875415953637,968633
2021-04-23,11944.8369140625,12117.671844688966,11522.350957595305,11675.982292286746,501975
2021-04-26,11714.3896484375,12098.46753462689,11675.98160309745,12060.059489286841,467570
2021-04-27,11964.0400390625,12002.448085157794,11675.981832690426,11714.38987878572,384889
2021-04-28,12290.5078125,12578.566034463443,12002.448734799456,12002.448734799456,837173
2021-04-29,12310.3310546875,12587.858403663713,12250.860971574133,12587.858403663713,316991
2021-04-30,12310.3310546875,12310.3310546875,12310.3310546875,12310.3310546875,0
2021-05-03,12310.3310546875,12310.3310546875,12310.3310546875,12310.3310546875,0
2021-05-04,12330.154296875,12330.154296875,11913.862825811417,11913.862825811417,327395
2021-05-05,12686.9775390625,12984.32800234243,12290.509076900402,12330.15609978494,1544164
2021-05-06,12647.3291015625,12865.386378025089,12568.035948004079,12726.623138462464,1151381
2021-05-07,12647.3291015625,12766.269273570904,12429.271825099911,12508.564978658333,853828
2021-05-10,13519.5595703125,13519.5595703125,12449.095334241336,12508.565422355026,1709345
2021-05-11,13519.5595703125,14074.614314934666,13519.5595703125,13876.380098994647,1145221
2021-05-12,14074.61328125,14074.61328125,13440.264543503798,13440.264543503798,924144
2021-05-13,13757.4384765625,14233.200014800761,13757.4384765625,13995.31968735237,970686
2021-05-14,14530.5517578125,14708.962008928438,13717.791886043042,13935.850037417866,1468099
2021-05-17,14471.08203125,14808.079475010958,14292.67089238941,14669.315354046224,937696
2021-05-18,14272.8486328125,14590.023027245186,14153.908455735636,14312.49565295198,958184
2021-05-19,14471.08203125,14629.669219491898,14034.966601078637,14193.553789320533,1034249
2021-05-20,14649.4921875,15164.89988328747,14371.964830792665,14451.257982705536,1187794
2021-05-21,14609.8447265625,15224.369506100516,14471.081494090124,14867.54900830741,1107485
2021-05-24,14471.08203125,14669.315354046224,14332.317910285266,14629.669219491898,912280
2021-05-25,14728.7861328125,14768.432266856074,14391.787810051503,14451.25789445838,724695
2021-05-26,14907.1962890625,15045.960415559519,14728.786909772096,14728.786909772096,816685
2021-05-27,14530.5517578125,14907.195326832312,14471.081674107189,14907.195326832312,900827
2021-05-28,14768.431640625,14847.72478869137,14371.964133610196,14629.668410673487,862954
2021-05-31,15759.6025390625,15779.426489598927,14927.019583412244,14927.019583412244,1529335
2021-06-01,15382.9580078125,15997.482804768635,15264.017838510217,15858.72045170467,692343
2021-06-02,15799.25,15799.25,15303.665328443116,15382.959370563514,947689
2021-06-03,16651.65625,16849.89046329561,15977.661338141424,16056.953610113169,1286629
2021-06-04,16849.892578125,17008.47890865578,16552.5421042027,16770.598529517938,1131304
2021-06-07,16056.953125,16849.889954226208,15680.308661122473,16651.655746919656,12059096
2021-06-08,16056.953125,16056.953125,16056.953125,16056.953125,0
2021-06-09,16750.76953125,16849.887503830574,15759.600405541123,16334.478993123459,15439823
2021-06-10,17920.353515625,17920.353515625,16849.890194266463,16949.006415990196,22325390
2021-06-11,18197.87890625,18336.64300822505,17741.940471196038,17920.350702299897,11152428
2021-06-14,19426.9296875,19466.577586056083,18197.88016592029,18197.88016592029,13819045
2021-06-15,20219.8671875,20755.097937159604,19129.57997150495,19545.872321256535,17003106
2021-06-16,19526.05078125,20021.63545877405,19129.58233255747,19823.401234427783,20022444
2021-06-17,19486.40234375,20021.634911523754,18852.053549853867,18852.053549853867,13712271
2021-06-18,20814.5703125,20814.5703125,20814.5703125,20814.5703125,4893817
2021-06-21,21092.095703125,21805.738450728266,20854.215376151566,21488.56409253603,16955651
2021-06-22,20814.5703125,21409.271160465425,20814.5703125,21409.271160465425,8582090
2021-06-23,20616.3359375,21131.744512605805,20576.688036840762,20854.216274723283,6174423
2021-06-24,20338.80859375,20814.57105579502,20259.514555628644,20378.454729469122,3693748
2021-06-25,21092.095703125,21211.035866611717,20259.512792035017,20338.806823253813,6748677
2021-06-28,21052.451171875,21369.625554188027,20933.510999343,21250.68538165603,4708559
2021-06-29,21012.802734375,21290.330974331955,20814.57029632923,20933.51046582991,4734112
2021-06-30,20695.62890625,20893.863116209708,20616.33663561259,20893.863116209708,5121283
2021-07-01,21567.857421875,21766.09161012941,20735.27453787965,20893.860828473436,10119136
2021-07-02,23074.435546875,23074.435546875,21766.09200092496,21885.032162676514,11963501
2021-07-05,23074.435546875,23074.435546875,23074.435546875,23074.435546875,0
2021-07-06,23074.435546875,23074.435546875,23074.435546875,23074.435546875,0
2021-07-07,23074.435546875,23074.435546875,23074.435546875,23074.435546875,0
2021-07-08,23074.435546875,23074.435546875,23074.435546875,23074.435546875,0
2021-07-09,21805.73828125,22440.086992704193,21131.743437836027,21290.329732358103,6246747
2021-07-12,21805.73828125,21805.73828125,21805.73828125,21805.73828125,0
2021-07-13,20893.861328125,21012.801490585374,20299.16051582312,21012.801490585374,3359736
2021-07-14,20893.861328125,20893.861328125,20893.861328125,20893.861328125,0
2021-07-15,21012.802734375,21012.802734375,20219.86768214278,20219.86768214278,3373425
2021-07-16,21012.802734375,21012.802734375,21012.802734375,21012.802734375,0
2021-07-19,19228.697265625,20616.336742540007,19228.697265625,20219.86832056429,7895587
2021-07-20,19981.98828125,20021.63441738384,17920.353868627728,19228.697561242003,19391837
2021-07-21,19426.9296875,20418.10065115792,19387.28355562686,20021.632265694752,7999623
2021-07-22,19625.1640625,19803.57430761053,19307.9897045203,19307.9897045203,6733847
2021-07-23,18792.58203125,19605.34279703097,18792.58203125,19426.930776889807,13248214
2021-07-26,18237.525390625,18713.287782852087,17841.057024882906,18415.93562520409,9993426
2021-07-27,18832.228515625,19010.638755664586,18475.406268862927,18633.994326686716,8157503
2021-07-28,18594.34765625,18990.816060296336,18554.701522518575,18633.99555666445,3995362
2021-07-29,18931.345703125,18990.815786205327,18594.34738788115,18713.2893207248,7745464
2021-07-30,19744.103515625,19902.69157225122,19030.46256085569,19030.46256085569,12234087
2021-08-02,19783.75390625,20299.1625052121,19704.45986794434,19823.40004206127,11916502
2021-08-03,20418.1015625,20418.1015625,19545.872488896286,19744.104923792842,16577835
2021-08-04,20418.1015625,20418.1015625,20418.1015625,20418.1015625,0
2021-08-05,22122.912109375,22122.912109375,20893.860847737644,21012.80100746337,14490262
2021-08-06,21567.857421875,22003.971929361538,21567.857421875,21885.031769745474,15657478
2021-08-09,22598.673828125,22757.261893125822,21250.68410903295,21329.976374850376,18420374
2021-08-10,22598.673828125,22598.673828125,22598.673828125,22598.673828125,0
2021-08-11,21845.38671875,22677.969711238966,21845.38671875,22598.675672267844,16387330
2021-08-12,21885.033203125,22360.793872749622,21766.093035718844,21885.033203125,11412975
2021-08-13,22598.673828125,22598.673828125,21885.032835670263,21964.325101487688,14380522
2021-08-16,24144.8984375,24144.8984375,23074.435229764385,23233.023287708947,17639417
2021-08-17,24144.8984375,24144.8984375,24144.8984375,24144.8984375,0
2021-08-18,25017.126953125,25532.535481057104,24263.838109742042,24501.72019187577,14341509
2021-08-19,25334.3046875,25453.24662783126,24779.249954914263,25017.130302210564,11116380
2021-08-20,24620.662109375,25492.891172826385,23827.725312286104,25096.42277428194,26662749
2021-08-23,24660.30859375,25334.303467527694,24025.95985371816,24620.662460004143,15294719
2021-08-24,23034.791015625,24779.24919809533,22995.143114497823,24660.309028079904,19802051
2021-08-25,23708.787109375,23788.0811489868,22915.850246623304,23074.438325846902,8460486
2021-08-26,23233.025390625,23946.66641592137,22995.143282176476,23708.786074155913,9084933
2021-08-27,23708.787109375,23748.433245839326,22717.617797618528,22955.498149770778,9885511
2021-08-30,24144.8984375,24184.546335327595,23589.84376805985,24184.546335327595,11470013
2021-08-31,23867.373046875,24382.779841394124,23589.844816479097,24303.487575580715,13152847
2021-09-01,23867.373046875,24105.25337768121,23470.904651075994,23788.079014378603,11986316
2021-09-02,23867.373046875,23867.373046875,23867.373046875,23867.373046875,0
2021-09-03,23867.373046875,23867.373046875,23867.373046875,23867.373046875,0
2021-09-06,24303.48828125,24343.13441530786,23708.78567028387,24184.548112393382,14004075
2021-09-07,25492.890625,25968.651279683134,24382.779486267744,24382.779486267744,22640921
2021-09-08,25492.890625,25492.890625,25492.890625,25492.890625,0
2021-09-09,25175.71875,25175.71875,24620.664009217035,24977.484535431126,11098813
2021-09-10,25373.955078125,25889.36372559907,25136.07470750105,25175.72084704395,10766170
2021-09-13,25215.365234375,25334.30541142184,24779.25066297554,25215.365234375,10776893
2021-09-14,24818.896484375,25175.716985581636,24779.24858423003,25175.716985581636,6814156
2021-09-15,24779.248046875,25136.07030702671,24303.48738891668,24581.013850498042,6528740
2021-09-16,24898.189453125,25136.07156065115,24739.603148123962,24779.249282703455,5178092
2021-09-17,25175.71875,26166.888056161235,24858.54436002643,24937.838399190605,26174965
2021-09-20,25413.595703125,25889.358107819615,25255.009412682062,25889.358107819615,12161763
2021-09-21,25413.595703125,25413.595703125,25413.595703125,25413.595703125,0
2021-09-22,25413.595703125,25413.595703125,25413.595703125,25413.595703125,0
2021-09-23,25056.775390625,25532.536031788775,25056.775390625,25373.949740295153,8857695
2021-09-24,24779.248046875,25175.71643962891,24779.248046875,25096.422407741535,560496105
2021-09-27,23193.376953125,24937.836874677996,23193.376953125,24779.24880604453,15463778
2021-09-28,23986.310546875,23986.310546875,23034.787562702164,23074.43369120332,8448394
2021-09-29,23629.4921875,23867.3742974535,23391.611844229577,23788.080260802333,5153680
2021-09-30,23589.84375,23946.664230077728,23470.90358997409,23788.077938937484,4052400
2021-10-01,22876.203125,23708.78608836101,22796.909088802982,23510.551881209998,10896215
2021-10-04,22083.267578125,22796.90858817721,21845.3854747579,22638.32228594884,1393015455
2021-10-05,23589.84375,23589.84375,22479.732645286666,22598.672805312573,10968995
2021-10-06,23589.84375,23589.84375,23589.84375,23589.84375,0
2021-10-07,23986.310546875,24144.89682756241,23312.31399557583,23589.84219513229,8533038
2021-10-08,24382.77734375,24501.719263652303,23907.01673087201,24144.897037311006,8155449
2021-10-11,24382.77734375,24382.77734375,24382.77734375,24382.77734375,0
2021-10-12,24462.07421875,24660.30841944415,24224.19388459022,24581.014385829887,7857486
2021-10-13,24263.83984375,24581.014209245535,24144.89967752455,24462.074043020086,5782918
2021-10-14,24263.83984375,24263.83984375,24263.83984375,24263.83984375,0
2021-10-15,24699.95703125,24977.485293405003,24501.724577348643,24581.01685223591,6518701
2021-10-18,24699.95703125,24699.95703125,24699.95703125,24699.95703125,0
2021-10-19,25730.771484375,26404.768114689574,25334.30308615266,25492.891152114797,16982117
2021-10-20,25334.3046875,25968.653458078876,25056.778204548686,25968.653458078876,10598023
2021-10-21,25175.71875,25572.18717913775,24937.838399190605,25492.89313997357,8452729
2021-10-22,24541.369140625,25373.9521070021,24382.781067656466,25373.9521070021,16574869
2021-10-25,24541.369140625,24541.369140625,24541.369140625,24541.369140625,0
2021-10-26,24303.48828125,24462.07458416448,23431.257431829737,23629.491635485112,6351011
2021-10-27,25096.423828125,25096.423828125,24224.19472804718,24422.428935643606,7031354
2021-10-28,25334.3046875,26127.24153406515,25215.36451385185,25294.658551844987,17387767
2021-10-29,25413.595703125,25691.123919753765,24977.481196053297,25572.18376025084,11922206
2021-11-01,25413.595703125,25413.595703125,25413.595703125,25413.595703125,0
2021-11-02,27832.05078125,27554.524326746396,26999.46788437333,27039.115782647368,15987611
2021-11-03,27118.408203125,27752.756912359702,26959.821909157792,27752.756912359702,16054459
2021-11-04,28506.048828125,28942.16336443607,27158.057318910687,27158.057318910687,15958864
2021-11-05,28426.755859375,28783.576375176668,28268.167785674428,28624.990068159175,9419629
2021-11-08,28823.22265625,29298.983317234135,28188.873930482496,28426.754260974565,9255817
2021-11-09,28743.9296875,28942.163892473185,28069.93303725456,28545.695482526815,13877680
2021-11-10,28981.80859375,29338.629085048433,28585.340203407544,28862.868429983857,11135088
2021-11-11,28307.814453125,29259.33755378958,28109.580252984502,28981.809320256285,17370428
2021-11-12,28545.697265625,28783.577619778724,28149.22883091335,28307.816911471273,8038180
2021-11-15,28823.22265625,29735.097845363918,28545.694426220598,28981.80895435038,9606483
2021-11-16,28268.16796875,28902.51673429442,28069.933758681986,28545.696216181845,10082176
2021-11-17,28783.57421875,29854.037452640416,28347.45969877116,28545.693892703897,11722575
2021-11-18,30329.80078125,30686.624835173752,29140.399046058214,29338.63149080144,16688716
2021-11-19,29338.630859375,30528.036102334605,28228.521419299053,30528.036102334605,15808741
2021-11-22,28743.9296875,29814.39121432571,28466.40144720093,29180.044231767788,11730560
2021-11-23,29814.392578125,29814.392578125,28307.816438116213,28585.34292442712,9424192
2021-11-24,30686.623046875,31320.971779798616,30369.446913730193,31320.971779798616,16540418
2021-11-25,31955.3203125,32034.61257860638,30329.79882370838,30686.622854602047,12787579
2021-11-26,31162.38671875,32034.615868973244,30924.506362631513,31876.027787105468,12532507
2021-11-29,31202.03125,31479.555946563643,30329.7986606881,30329.7986606881,8478738
2021-11-30,31638.14453125,32510.373601530664,30924.50352830201,31558.85226426668,13013904
2021-12-01,31003.796875,31638.145633056014,30726.26863084434,31479.557560200472,6723352
2021-12-02,31003.796875,31677.793534611435,30686.624262655067,31043.44477655542,5796835
2021-12-03,29061.103515625,31400.264263627672,29061.103515625,31320.971996475935,12095372
2021-12-06,28545.697265625,29655.808529480983,27078.765470538427,29140.399917692474,13293616
2021-12-07,28862.869140625,29219.689640708817,28347.460573826374,28902.515273962203,8452273
2021-12-08,29219.689453125,29536.863817835427,28743.928789400856,28942.162988180247,5645115
2021-12-09,30131.56640625,30131.56640625,28942.16298056942,28942.16298056942,5406014
2021-12-10,30210.861328125,30528.037487316855,29854.040799058886,30250.50923136556,5202276
2021-12-13,30646.978515625,30845.210970605833,29933.337437654325,30448.74252727777,5190184
2021-12-14,30329.80078125,30924.50518221211,30250.508510025953,30765.9171063978,5195888
2021-12-15,29854.037109375,30448.737917652317,29735.09694771954,30329.797755996853,4978233
2021-12-16,29298.984375,30329.79976657494,29180.04420545993,30329.79976657494,6728143
2021-12-17,30225.912109375,30387.117864697084,29339.285842636302,29701.996098344607,7525071
2021-12-20,30911.03125,31434.947216526518,30024.40326273137,30105.00613354563,7416472
2021-12-21,30346.814453125,31112.537274173992,30346.814453125,30628.923617024815,4855260
2021-12-22,29661.693359375,30548.321356254935,29500.487615998965,30548.321356254935,6808680
2021-12-23,28412.357421875,29621.395207033616,27888.44140747512,29500.489991842343,11222470
2021-12-24,28895.97265625,29016.87607459761,28331.756105346416,29016.87607459761,3675724
2021-12-27,28855.66796875,29379.58393613661,28654.16348514971,29379.58393613661,2769741
2021-12-28,28613.865234375,29178.081819815157,28613.865234375,28775.070999268966,4316826
2021-12-29,28936.2734375,29298.985491400646,28412.357423077938,28613.863720612906,3065423
2021-12-30,29782.59765625,30024.40448267369,29057.175381134755,29057.175381134755,3833832
2021-12-31,29339.283203125,29984.10257471359,29218.37979543265,29943.80203743084,2665248
2022-01-03,29339.283203125,29339.283203125,29339.283203125,29339.283203125,0
2022-01-04,29984.10546875,30145.311225128615,29258.68315673476,29500.489995458418,5964981
2022-01-05,29661.693359375,30508.01902248887,29661.693359375,30266.21220326894,4705137
2022-01-06,29218.384765625,29903.504791038664,29218.384765625,29540.794506262795,5607698
2022-01-07,29057.17578125,29460.18836140172,28815.368951496646,29057.17578125,5233076
2022-01-10,27404.828125,29137.78015368666,27404.828125,29016.876732597393,7569560
2022-01-11,25953.982421875,28210.8503804796,25792.778465611067,27646.633839789505,12041528
2022-01-12,26598.80078125,26800.3070654527,25147.95804917237,25994.28372448605,9314451
2022-01-13,25389.767578125,27001.81622772765,25389.767578125,27001.81622772765,6528055
2022-01-14,25027.0546875,25631.57174546396,25027.0546875,25188.258637675674,5268211
2022-01-17,23294.103515625,25067.357934192867,23294.103515625,25067.357934192867,17158705
2022-01-18,21682.052734375,23253.800692446945,21682.052734375,22810.487580236844,11127559
2022-01-19,23173.197265625,23173.197265625,22246.270524340238,22447.77680614409,7405749
2022-01-20,24059.82421875,24261.330491793535,23092.59518564747,23777.715077320245,5733865
2022-01-21,23334.408203125,24180.734056736794,23173.202423463455,24180.734056736794,5469896
2022-01-24,21722.35546875,22971.691954545844,21722.35546875,22810.487999797177,9298937
2022-01-25,21964.1640625,22085.067487231,21279.044057076208,21279.044057076208,5104856
2022-01-26,21923.859375,22326.87011596913,21682.050775405718,22004.460445687422,3239501
2022-01-27,22205.970703125,22729.88673592838,21762.65755133237,21923.863313353868,2934693
2022-01-28,22568.681640625,22689.585058170083,22085.066174600437,22205.969592145517,3372057
2022-01-31,22568.681640625,22568.681640625,22568.681640625,22568.681640625,0
2022-02-01,22568.681640625,22568.681640625,22568.681640625,22568.681640625,0
2022-02-02,22568.681640625,22568.681640625,22568.681640625,22568.681640625,0
2022-02-03,22568.681640625,22568.681640625,22568.681640625,22568.681640625,0
2022-02-04,22568.681640625,22568.681640625,22568.681640625,22568.681640625,0
2022-02-07,23616.513671875,24140.427883023076,22891.091370205315,22931.391910803093,6025669
2022-02-08,23979.22265625,24341.932889974796,23294.100931422086,23455.306676973647,5842693
2022-02-09,24382.234375,24785.245133152894,23938.921283940956,24180.72809800151,5092079
2022-02-10,24301.6328125,24946.452215249887,24100.12652466014,24180.72939896492,4600188
2022-02-11,24624.044921875,24906.15411160727,23979.225456067834,24261.3346458001,5518492
2022-02-14,22931.392578125,24341.934886070267,22931.392578125,24059.827501987787,7549483
2022-02-15,22931.392578125,22931.392578125,22931.392578125,22931.392578125,0
2022-02-16,23898.62109375,24180.730266010192,23495.608503619507,23576.211380814453,2592696
2022-02-17,23818.01953125,24100.128719081913,23616.515020906452,24100.128719081913,3051962
2022-02-18,24382.234375,24543.43831909234,23535.908729943978,23535.908729943978,6761453
2022-02-21,25188.26171875,25268.864601619403,24503.141703970996,24543.442247483512,6468736
2022-02-22,24583.7421875,24986.752970824968,24059.826193748933,24624.04272707924,8491286
2022-02-23,24704.646484375,25107.65728209295,24583.743065475188,24704.646484375,5060823
2022-02-24,24382.234375,25188.25768714987,23374.702990007554,24543.43831909234,8894427
2022-02-25,25107.658203125,25631.574234805998,24624.044509785206,24906.153694796303,9337723
2022-02-28,25147.958984375,25510.669231921845,24986.75323268026,25107.65664852921,4921651
2022-03-01,25591.2734375,25994.2860418333,24986.75453100005,25309.16425529783,7903572
2022-03-02,25309.1640625,25792.77954318478,24906.153257081023,25268.86352071139,8121227
2022-03-03,25349.46484375,25470.368257537008,25027.055141703255,25389.765383064274,4406717
2022-03-04,25591.2734375,26115.18946396443,25470.370015368873,25550.972895404393,6724721
2022-03-07,25228.5625,25591.272756744907,25027.05620319363,25147.9596221086,6800238
2022-03-08,25228.5625,26115.188769272612,24785.247569519433,24986.753866325802,12237053
2022-03-09,25550.97265625,25752.47716068628,25147.960055688854,25470.36977696891,5954715
2022-03-10,25430.064453125,26477.896373198175,25430.064453125,26195.78902260899,7225054
2022-03-11,24986.75390625,25430.06704159464,24825.54994605389,25430.06704159464,8007380
2022-03-14,23576.208984375,24785.244836027956,23334.40217321322,24785.244836027956,11064362
2022-03-15,23455.30859375,23818.018857115607,23294.102835024645,23294.102835024645,4461245
2022-03-16,23656.8125,24019.5227266568,23495.60675758979,23576.209628794895,1983079
2022-03-17,23737.416015625,24301.632537689777,23737.416015625,23979.222839960737,3553436
2022-03-18,23576.208984375,23938.92099696173,23576.208984375,23777.715258957836,5452556
2022-03-21,23979.22265625,23979.22265625,23535.909549749427,23858.319245008403,2895451
2022-03-22,24100.126953125,24261.332704600565,23777.71724601809,24140.427493071787,3386202
2022-03-23,23818.01953125,24462.83899271351,23777.71898835016,24462.83899271351,4678443
2022-03-24,23576.208984375,23938.92099696173,23374.702709792164,23818.01579553678,5143641
2022-03-25,23213.501953125,23616.514557594423,23132.899073062254,23576.212219640896,8124877
2022-03-28,22770.1875,23213.50062114147,22044.765212748407,22971.691994828136,10164082
2022-03-29,23173.197265625,23374.70354742885,22971.69098382115,23011.993317688393,2947469
2022-03-30,23052.294921875,23576.210919627185,22971.692046256772,22971.692046256772,3755577
2022-03-31,22608.982421875,23173.198975039806,22608.982421875,23132.89843404384,3986236
2022-04-01,23173.197265625,23173.197265625,22367.173934253726,22568.680216057575,4260929
2022-04-04,23858.3203125,24503.139731869076,23455.30772643327,23455.30772643327,9722155
2022-04-05,23576.208984375,24261.330677125454,23576.208984375,23979.221533540673,3332587
2022-04-06,23455.30859375,23858.321194719094,23213.50175150626,23374.70571438732,4204348
2022-04-07,23052.294921875,23938.922961987115,23011.99438198799,23495.608044008954,4738447
2022-04-08,22568.681640625,23374.705022873623,22568.681640625,23052.295310805326,4910244
2022-04-11,22568.681640625,22568.681640625,22568.681640625,22568.681640625,0
2022-04-12,21520.849609375,22689.58503912194,21520.849609375,22568.681621678355,5079759
2022-04-13,21762.654296875,22165.666845816628,21158.137269306622,21601.450354804787,4387096
2022-04-14,21440.244140625,22367.172623431485,21440.244140625,22004.460619103545,3080253
2022-04-15,20150.607421875,21561.149654071178,20150.607421875,21359.643364351126,7055082
2022-04-18,18740.06640625,19666.995039967936,18740.06640625,19666.995039967936,8232564
2022-04-19,18135.548828125,19384.887278797956,17974.344851565766,19022.176984656347,5466017
2022-04-20,17531.029296875,18478.10724498292,17531.029296875,18337.052662194797,5836077
2022-04-21,18135.548828125,18619.16434949159,17168.31958123626,17168.31958123626,7150905
2022-04-22,17974.341796875,18659.461723545246,17369.822946864213,18377.354363548857,3828813
2022-04-25,16725.005859375,18135.548240937023,16725.005859375,17752.68678868003,5492711
2022-04-26,16926.51171875,17087.717481632433,15556.269917626661,16442.898021791374,8787653
2022-04-27,16604.099609375,17067.56386643972,16442.895665438275,16886.208756069373,2780007
2022-04-28,16120.4873046875,16906.359514120173,16120.4873046875,16563.80043170016,3547960
2022-04-29,16946.66015625,17007.111858624943,15878.67708788592,16080.183361083748,7109382
2022-05-02,16946.66015625,16946.66015625,16946.66015625,16946.66015625,0
2022-05-03,16946.66015625,16946.66015625,16946.66015625,16946.66015625,0
2022-05-04,16523.498046875,17188.468633358225,16523.498046875,16946.661800398586,2871039
2022-05-05,16100.3369140625,16845.90861916725,15898.830610990977,16845.90861916725,3517844
2022-05-06,14992.052734375,15798.077924579544,14992.052734375,15636.872168200929,9141286
2022-05-09,13944.220703125,14407.685007831018,13944.220703125,14186.028439730528,6783812
2022-05-10,14186.02734375,14306.930753750972,13057.593421922778,13057.593421922778,8059626
2022-05-11,13984.5205078125,14286.77991876318,13702.412263011747,14246.47848438535,2695592
2022-05-12,13017.29296875,13903.920137515353,13017.29296875,13742.71527936912,7034320
2022-05-13,12110.5146484375,13057.59345787059,12110.5146484375,13017.292021785293,13734630
2022-05-16,12513.52734375,12956.840451538286,12513.52734375,12916.539015033331,8744989
2022-05-17,13380.00390625,13380.00390625,12533.678190278852,12614.28106700092,5020897
2022-05-18,14306.9326171875,14306.9326171875,13823.318016272147,13903.92089871913,14803512
2022-05-19,15032.353515625,15112.955492364878,13783.015243819102,13903.91955581206,12252795
2022-05-20,14951.7509765625,15435.365541623014,14649.492434601,15233.859248367271,8567716
2022-05-23,14226.3291015625,14951.750475901395,13924.069671800078,14951.750475901395,14193667
2022-05-24,14810.697265625,14810.697265625,13339.702404747908,14024.823261954138,11752462
2022-05-25,15717.474609375,15717.474609374998,14709.944047555251,14810.697193529437,14188648
2022-05-26,15798.0771484375,16120.486849510833,15435.36511232739,15556.268525749367,12443301
2022-05-27,15918.982421875,16080.18639332507,15455.518085708914,15596.57268313047,10115486
2022-05-30,15818.2275390625,16201.088971509316,15677.172949035927,15959.282129089073,9290724
2022-05-31,15717.474609375,15979.43260932346,15455.516609426539,15677.172273478795,12167467
2022-06-01,15818.2275390625,15999.582670877682,15173.408095378987,15556.269527825803,9797217
2022-06-02,15818.2275390625,15818.2275390625,15818.2275390625,15818.2275390625,0
2022-06-03,15777.92578125,16120.486645506626,15475.665455675971,15798.076948513377,7640287
2022-06-06,15878.6787109375,16402.594715635525,15616.720708588487,15677.17241714255,10938651
2022-06-07,15777.92578125,15838.377487195974,15032.353244712851,15636.871202094675,10533913
2022-06-08,16866.05859375,16866.05859375,15818.226610324728,15918.980652647106,15558689
2022-06-09,16725.005859375,17248.921908957076,16664.55414564202,16926.51217043306,7215928
2022-06-10,15717.474609375,16785.455981272728,15717.474609374998,16442.89690122029,10781456
2022-06-13,14629.3408203125,15274.161118647631,14629.3408203125,14911.449083512685,15552985
2022-06-14,13783.015625,14629.34134274608,13722.563916292725,14226.329652056877,7592603
2022-06-15,12976.9912109375,13944.220336053757,12835.93752472603,13783.015481867715,11685614
2022-06-16,12896.3896484375,13662.112506018815,12291.871650237626,13662.112506018815,7303309
2022-06-17,12473.2265625,12573.979710094207,12090.36514039528,12291.871435583698,10174577
2022-06-20,11606.7509765625,12856.088434157831,11606.7509765625,12694.883571954493,11437159
2022-06-21,12372.4736328125,12412.775072144406,11385.094205674712,11405.244476379596,13618729
2022-06-22,13218.798828125,13218.798828125,12694.88283202058,12735.184269702944,7814137
2022-06-23,13621.810546875,13621.810546875,12775.485740860386,13097.895447319888,8769629
2022-06-24,13581.5087890625,13883.767300561383,13299.399647767512,13380.00251611523,9336810
2022-06-27,14508.4384765625,14508.4384765625,13722.564437665342,13762.865877642103,7358065
2022-06-28,14105.4248046875,14508.43737809787,14105.4248046875,14427.834504246961,7158434
2022-06-29,14306.9326171875,14709.945233578052,13903.92089871913,13964.372611593277,7550396
2022-06-30,13319.5517578125,14468.13597875595,13319.5517578125,14347.232565587607,7309926
2022-07-01,14246.48046875,14246.48046875,13097.896163412983,13380.00444750805,9789916
2022-07-04,14750.244140625,15233.85868789267,14629.340728288602,14709.943601794255,8756625
2022-07-05,14629.3408203125,15092.804203158072,14488.287137673451,14629.3408203125,8603992
2022-07-06,14125.576171875,14951.750701959088,14125.576171875,14306.931293721136,9577965
2022-07-07,14387.5341796875,14387.5341796875,13964.37133046827,14145.726452452755,5171932
2022-07-08,14951.7509765625,15233.859248367271,14468.136411501984,14508.437849737556,9591426
2022-07-11,14387.5341796875,15032.353588417354,13964.37133046827,14750.24442365647,9239846
2022-07-12,14387.5341796875,14387.5341796875,14387.5341796875,14387.5341796875,0
2022-07-13,14649.4921875,15233.858991409437,14629.341019761057,14931.600454546297,7546745
2022-07-14,15657.0244140625,15657.0244140625,14589.041143138431,14589.041143138431,13707252
2022-07-15,15314.4609375,15918.979770398557,15314.4609375,15918.979770398557,8424666
2022-07-18,15495.818359375,15818.228092496947,15274.16267801611,15515.969528896483,8584371
2022-07-19,15314.4609375,15636.870622543745,14911.448382234294,15435.364344910893,14830662
2022-07-20,15959.28125,16281.690954082384,15515.96813136725,15596.571006348893,14321203
2022-07-21,15657.0244140625,16060.03524105151,15596.572700221928,15717.476127903072,7546517
2022-07-22,15314.4609375,15798.076362987664,15314.4609375,15657.021789060258,8076053
2022-07-25,15556.267578125,15898.828425849313,14951.749649917789,15112.954490634515,12102444
2022-07-26,15193.5595703125,15657.023891518624,15193.5595703125,15556.269841250687,4866895
2022-07-27,15475.6650390625,15596.570243543769,15052.50310883243,15112.954813151013,5520317
2022-07-28,15677.171875,16120.48678352487,15657.022503408267,15717.474209871809,13007515
2022-07-29,16321.9912109375,16442.896419237863,15757.774687527188,15757.774687527188,18345769
2022-08-01,17329.5234375,17329.5234375,16402.594838281228,16402.594838281228,14534752
2022-08-02,17208.62109375,17571.331370428918,17007.11478586915,17208.62109375,13464044
2022-08-03,17732.53515625,17732.53515625,17007.112887999632,17047.41342674081,15261866
2022-08-04,17571.330078125,17853.439247579016,17349.672617004813,17732.53583091136,11537773
2022-08-05,18316.90234375,18316.90234375,17410.124982219364,17490.726057495427,16651984
2022-08-08,18538.560546875,18538.560546875,18236.301983365174,18296.75369606714,11198514
2022-08-09,19022.17578125,19122.928035745044,18357.205154880863,18538.560290478537,10499691
2022-08-10,19223.6796875,19384.885444650812,18800.5177177066,18820.66888631152,10186669
2022-08-11,18175.84765625,19646.841514869262,17974.34137761332,19425.184069615683,32703933
2022-08-12,19304.28515625,19304.28515625,18054.94845199926,18135.54954554513,13584051
2022-08-15,18699.765625,19546.089571766137,18659.463287448278,19546.089571766137,16196824
2022-08-16,18860.96875,18921.42045779845,18538.559043126876,18538.559043126876,17323429
2022-08-17,19122.927734375,20013.58389961304,19044.339791850125,20013.58389961304,13127049
2022-08-18,19384.884765625,19699.234723966845,18860.96876700333,19070.534807283155,7838356
2022-08-19,19280.099609375,19463.471454207203,18991.947444898302,19463.471454207203,7256223
2022-08-22,18808.576171875,19306.29617414851,18651.40209594174,19149.122098215244,7555801
2022-08-23,20065.974609375,20065.974609375,18441.83646943476,18441.83646943476,12565800
2022-08-24,20039.77734375,20301.735323162397,19830.211319388898,20065.973321275647,6330636
2022-08-25,20144.560546875,20354.12656388134,20039.776640449825,20144.560546875,6030531
2022-08-26,19594.451171875,20170.75914029152,19489.669047700154,20170.75914029152,10358712
2022-08-29,19908.802734375,19908.802734375,18599.012608207067,19122.928658674242,13989280
2022-08-30,19437.275390625,20144.561401468105,19437.275390625,20092.16944603289,7579845
2022-08-31,19437.275390625,19699.233371956972,19149.12143157542,19384.883435189786,6964191
2022-09-01,19437.275390625,19437.275390625,19437.275390625,19437.275390625,0
2022-09-02,19437.275390625,19437.275390625,19437.275390625,19437.275390625,0
2022-09-05,19594.451171875,19934.997116092807,19227.711043496663,19437.277087690607,8660398
2022-09-06,19725.431640625,20118.367760337293,19568.255756064646,19804.017787060882,11243056
2022-09-07,19804.017578125,20537.499644135398,19673.039471550845,19699.23545203453,20664949
2022-09-08,19175.3203125,20065.976506370556,19175.3203125,20013.584543003028,10864327
2022-09-09,19384.884765625,19437.27672465601,18127.48672810183,19332.492806593993,14806935
2022-09-12,18756.1875,19646.84366076102,18756.1875,19384.885649505846,7967700
2022-09-13,18703.796875,19018.14507429152,18363.25089728236,18834.774992064064,8752360
2022-09-14,19280.099609375,19489.667432040376,18232.269475268604,18337.051590757197,12457165
2022-09-15,18887.1640625,19384.884063580706,18887.1640625,19280.100149313548,5280619
2022-09-16,18284.662109375,18860.970108002704,18127.488016951236,18834.774126624685,8858889
2022-09-19,17027.26171875,18258.465496456163,17027.26171875,18258.465496456163,12523680
2022-09-20,17394.00390625,17524.98200208764,16450.955869517773,17132.04591873059,12850285
2022-09-21,17027.26171875,17420.199591336506,16922.479603012605,17184.437586122243,4961385
2022-09-22,17655.962890625,17708.354850255757,16817.696924065567,16817.696924065567,11307991
2022-09-23,17079.654296875,17734.550176433695,17079.654296875,17629.76626103417,6447519
2022-09-26,16084.2158203125,16739.11176242653,15900.84574669208,16503.349726101893,14095458
2022-09-27,16136.6064453125,16634.32645805352,15979.432366073721,16241.390362034479,6643552
2022-09-28,16136.6064453125,16529.542541331542,16031.822528590521,16031.822528590521,9376087
2022-09-29,15088.7744140625,16529.542489397874,15088.7744140625,16503.348306143864,8327826
2022-09-30,15403.1240234375,15534.102120159465,14145.726034023572,14931.600001887795,11807464
2022-10-03,14329.09765625,15219.754681924938,14329.09765625,15193.558702185828,9987529
2022-10-04,13412.244140625,14669.642141048855,13412.244140625,14564.859124000546,9295006
2022-10-05,14329.09765625,14329.09765625,13621.810692904603,13831.377632895368,8310100
2022-10-06,13333.65625,14407.683228493375,13333.65625,14198.117207792722,8027370
2022-10-07,12731.1533203125,13202.677317822883,12416.803390024228,12835.93633110125,13818694
2022-10-10,13621.810546875,13621.810546875,12731.154428670257,12731.154428670257,13333612
2022-10-11,12888.3291015625,13857.57320266141,12678.763052114666,13621.811172552061,12213045
2022-10-12,13778.9853515625,13778.9853515625,12966.9162840735,13150.286342119816,10541583
2022-10-13,14040.9443359375,14040.9443359375,13595.616251097394,13674.203296092073,8818173
2022-10-14,14460.0771484375,14774.426222223376,14302.902162583488,14460.0771484375,13413114
2022-10-17,14905.4052734375,14905.4052734375,13936.16117053784,14224.315162505578,13648635
2022-10-18,14591.0556640625,15193.558708710181,14512.467724811424,15193.558708710181,12199882
2022-10-19,14512.4677734375,14800.62175581272,14486.27179359937,14643.446774706044,7634250
2022-10-20,14145.7265625,14591.055520095795,14093.335501438329,14433.880541066568,8851167
2022-10-21,13176.482421875,14224.314411589063,13176.482421875,14171.92245293452,14648809
2022-10-24,12259.62890625,13307.460851124284,12259.62890625,13097.894821318252,14543158
2022-10-25,12416.8046875,13097.895675679509,11526.147655844698,12521.587709237898,13337649
2022-10-26,11997.671875,12783.545896208265,11997.671875,12757.349915916897,5813086
2022-10-27,12835.9375,12835.9375,12023.86752107287,12312.02150042406,9833791
2022-10-28,13045.5029296875,13464.63588930297,13045.5029296875,13228.873880119912,12870468
2022-10-31,13726.59375,13805.180786360917,12731.153765792107,13045.502809157837,18651438
2022-11-01,13857.5732421875,14250.510259464574,13831.378159373413,13988.552247946523,10547725
2022-11-02,13674.203125,14093.336121545777,13621.811163710974,13883.769174311816,10706728
2022-11-03,14093.3359375,14250.510023470244,13412.24493924779,13464.636899852627,13521046
2022-11-04,13124.0888671875,14040.941746687951,13124.0888671875,13883.76678776062,19019637
2022-11-07,12207.2392578125,13307.462388263566,12207.2392578125,13150.287398792794,16147053
2022-11-08,12678.7626953125,12704.958675236816,11630.930681716836,11683.322641565468,13029120
2022-11-09,12312.0224609375,13097.8965216108,12207.239432432161,12835.938501386367,9043164
2022-11-10,11473.7568359375,12181.042921027738,11473.7568359375,12050.063916612271,8693217
2022-11-11,10687.8837890625,11840.498953979262,10687.8837890625,11788.106988242138,21231639
2022-11-14,9954.4013671875,10294.946440822283,9954.4013671875,10006.7924334809,7266577
2022-11-15,9273.310546875,9404.289562668055,9273.310546875,9273.310546875,5042641
2022-11-16,9902.0087890625,9902.0087890625,8644.610705066922,8644.610705066922,30101760
2022-11-17,10216.3583984375,10425.924439066112,9875.813357935478,10059.183419004987,12829050
2022-11-18,10163.966796875,10609.295771279554,9509.071774469561,10085.379753355204,18002790
2022-11-21,9902.0087890625,10347.337763518759,9744.834702004657,10268.749822067699,10867135
2022-11-22,10583.099609375,10583.099609375,9718.638553787954,9718.638553787954,22092115
2022-11-23,10059.1826171875,10976.035543219015,10059.1826171875,10373.532550995691,8690233
2022-11-24,10216.3583984375,10321.141418751806,9482.87635831525,10006.79145988678,9742180
2022-11-25,10923.6435546875,10923.6435546875,10190.161575286511,10478.315530737626,15200757
2022-11-28,11683.3232421875,11683.3232421875,11368.97416070186,11447.561206592729,11667064
2022-11-29,12154.8466796875,12495.39172468993,11604.735591286977,11997.67169817787,26605975
2022-11-30,12862.1328125,12993.111814744892,11840.497672496398,12050.063716919374,15976642
2022-12-01,12338.216796875,13517.026832733281,12233.433782345604,13097.894774615695,18465934
2022-12-02,13176.482421875,13176.482421875,12076.259371428494,12312.021389529738,15665656
2022-12-05,14093.3359375,14093.3359375,13490.831982232912,13726.594907032542,19963300
2022-12-06,13124.0888671875,14145.724753332177,13124.0888671875,13831.375733399502,27021384
2022-12-07,13333.65625,13569.418247768741,12495.390371353344,13097.894252231259,15005250
2022-12-08,14250.5107421875,14250.5107421875,13648.007654455609,13726.595599326405,19706719
2022-12-09,13936.16015625,14407.684183026742,13726.594121665245,14302.901165734365,13859059
2022-12-12,12966.916015625,14433.880041313969,12966.916015625,13936.16003988935,23049292
2022-12-13,13857.5732421875,13857.5732421875,12704.95906901466,13097.896086291734,13856427
2022-12-14,13805.181640625,14302.90166352784,13726.59459940112,14145.726683157967,10166364
2022-12-15,14198.1181640625,14302.901181470159,13700.39815793456,13805.181175342219,12279559
2022-12-16,14617.251953125,14643.447935038877,13988.5528768029,14093.336804458408,16399071
2022-12-19,14145.7265625,15350.732639905837,14145.7265625,14669.642560649358,16843963
2022-12-20,13569.419921875,14302.901982741527,13255.069954119555,14145.726998863805,18029817
2022-12-21,13359.8525390625,14040.943514904711,12626.370502261412,14040.943514904711,18069480
2022-12-22,13517.02734375,13674.202320447188,12835.937274599008,13490.831364646787,7209715
2022-12-23,12940.7197265625,13517.026751992786,12940.7197265625,13517.026751992786,5916456
2022-12-26,12050.0634765625,13071.69949411014,12050.0634765625,13071.69949411014,10706026
2022-12-27,12887.625,12887.625,11941.992683933706,12158.137054558898,8278159
2022-12-28,13103.76953125,13346.93216552553,12806.570344420776,12968.679075973812,6445588
2022-12-29,12617.443359375,13076.750318765926,12617.443359375,12914.641598818782,4504383
2022-12-30,12563.4072265625,12887.623751080982,12563.4072265625,12725.515951875748,4059666
2023-01-02,12563.4072265625,12563.4072265625,12563.4072265625,12563.4072265625,0
2023-01-03,13427.9853515625,13427.9853515625,12563.407039604455,12563.407039604455,8045797
2023-01-04,13617.11328125,13833.257642505376,13455.004547254435,13671.148908509811,8267805
2023-01-05,14103.4384765625,14157.475029621692,13536.058373873224,13644.131479991607,10627227
2023-01-06,13833.2568359375,14373.618633677435,13779.220285720301,14157.474285024666,9014206
2023-01-09,13968.3466796875,14184.491018967981,13833.256236110206,14022.383227561606,8852922
2023-01-10,14211.509765625,14319.581938860065,13590.094074942379,13968.347144319105,7385566
2023-01-11,14778.8896484375,14968.015717713284,14238.527862892994,14481.690481166424,14163903
2023-01-12,14508.7080078125,14859.942779868803,14400.635841495787,14859.942779868803,8201466
2023-01-13,14995.033203125,15265.214081679462,14751.870597647572,14751.870597647572,13684086
2023-01-16,15211.177734375,15508.37688989166,14778.889063923078,15103.105566762018,8111961
2023-01-17,16156.8125,16156.8125,15319.25149330709,15400.30632201753,8943655
2023-01-18,16048.7373046875,16210.846940993426,15724.521736507368,15994.70261146805,17163724
2023-01-19,16210.8486328125,16643.137336978365,15832.59462750533,15832.59462750533,6727090
2023-01-20,16210.8486328125,16210.8486328125,16210.8486328125,16210.8486328125,0
2023-01-23,16210.8486328125,16210.8486328125,16210.8486328125,16210.8486328125,0
2023-01-24,16210.8486328125,16210.8486328125,16210.8486328125,16210.8486328125,0
2023-01-25,16210.8486328125,16210.8486328125,16210.8486328125,16210.8486328125,0
2023-01-26,16210.8486328125,16210.8486328125,16210.8486328125,16210.8486328125,0
2023-01-27,15967.6845703125,16535.062748963737,15913.648024093558,16372.954962522796,8777983
2023-01-30,15832.59375,16318.91897828653,15670.485957976472,15832.59375,15627573
2023-01-31,16156.8125,16156.8125,15481.36022461992,15832.595037374342,10943653
2023-02-01,15049.0712890625,16454.01144563091,15049.0712890625,16237.867091115166,17251123
2023-02-02,14859.9443359375,15238.197420708982,14616.781704734978,15076.088691204623,8420665
2023-02-03,14697.8359375,15211.179487403442,14562.745480888145,14968.016850723714,6032461
2023-02-06,14724.8525390625,14751.870812533101,14319.581215327356,14697.834265591899,7079143
2023-02-07,14697.8359375,15373.288220559283,14589.763757432127,14886.962947199823,10198831
2023-02-08,15130.1240234375,15346.268361281247,14454.671810040836,14886.961411836293,8313435
2023-02-09,14697.8359375,15292.234317035392,14697.8359375,15130.125583879553,6337656
2023-02-10,14373.6181640625,14995.033840717326,14373.6181640625,14697.834676448852,9561415
2023-02-13,13509.0419921875,14319.583863443062,13373.95152596022,14103.439487922662,13895563
2023-02-14,13698.166015625,14022.383455933987,13563.075569847586,13671.14774124792,4271319
2023-02-15,14103.4384765625,14211.510656572824,13671.148830413144,13752.203660001931,6432075
2023-02-16,14589.7626953125,14589.7626953125,14130.455731934097,14319.581801757677,7751835
2023-02-17,14562.74609375,14643.80092679308,14319.58344683696,14589.764371431027,6650046
2023-02-20,15562.4130859375,15562.4130859375,14589.762615356902,14589.762615356902,11418205
2023-02-21,15346.2685546875,15724.52253984307,15346.2685546875,15670.48599164714,9458397
2023-02-22,14589.7626953125,15481.35927360022,14589.7626953125,15049.070584798896,13094230
2023-02-23,15022.052734375,15022.052734375,14130.456130912722,14589.763107259829,8832564
2023-02-24,14265.5458984375,15049.070289131048,14211.50935034499,15022.052015084793,5779390
2023-02-27,13617.11328125,14103.43855712863,13617.11328125,13941.329823133065,6314139
2023-02-28,13887.29296875,14049.400762313164,13725.184249078853,13941.32859123506,4439097
2023-03-01,14778.8896484375,14778.8896484375,13725.184351847312,13779.219974736969,8759556
2023-03-02,14535.7275390625,14832.92579063055,14373.618812502094,14751.871890404358,3485781
2023-03-03,13941.3291015625,14616.781353160804,13941.3291015625,14562.744802589734,6825019
2023-03-06,14076.419921875,14562.74518536543,14049.4016458793,14292.564277624515,4209192
2023-03-07,14535.7275390625,14643.79971473343,14211.510085941689,14211.510085941689,6314841
2023-03-08,15184.162109375,15184.162109375,14292.564541692114,14319.582818187,10207431
2023-03-09,15130.1240234375,15373.286635038707,15022.051854515626,15292.232739874293,8367489
2023-03-10,15049.0712890625,15184.161742161848,14778.890382863801,14968.016461538069,8330458
2023-03-13,15346.2685546875,15427.323376981398,14751.871155072131,14886.961599453984,11817117
2023-03-14,14751.8720703125,15346.269506805666,14697.835518764015,15346.269506805666,11313607
2023-03-15,15778.55859375,15778.55859375,15211.179419403074,15346.269875411019,14752881
2023-03-16,15724.5224609375,16102.77459197905,15697.504186975111,15832.59370457111,18339925
2023-03-17,15913.650390625,16075.758201173121,15535.397289165918,16075.758201173121,17470849
2023-03-20,15130.1240234375,15940.666679513497,15076.08747592258,15778.557036968741,12970327
2023-03-21,15832.59375,15832.59375,15184.160729689942,15400.305069793294,10869066
2023-03-22,15913.650390625,16399.975674485522,15859.61383637024,15913.650390625,13143370
2023-03-23,16967.353515625,16967.353515625,15724.522195420708,15805.57516372331,19718829
2023-03-24,16778.228515625,17183.498939445766,16751.210240408145,17021.391140360665,11159343
2023-03-27,17291.572265625,17561.751316881964,16940.336535445258,16940.336535445258,12608446
2023-03-28,17129.4609375,17453.678360412774,17075.424391645225,17345.605268703224,13487526
2023-03-29,17723.861328125,17723.861328125,17156.481234155137,17156.481234155137,10933825
2023-03-30,17345.607421875,18102.11360110202,17345.607421875,17912.98751934929,10896093
2023-03-31,17345.607421875,17561.75177990899,16805.245600681974,17021.391810932066,21921178
2023-04-03,17642.8046875,17723.859507517136,17480.69689968162,17723.859507517136,9675315
2023-04-04,17994.041015625,18156.1488090914,17453.679234449046,17642.80530219584,14642667
2023-04-05,17885.96875,17967.02357660932,17561.751295778766,17831.93219892712,8108275
2023-04-06,17291.572265625,18102.113123828,17291.572265625,17885.968771492797,14109147
2023-04-07,17804.912109375,17940.001607024704,17183.49560442562,17291.56868431792,10688652
2023-04-10,17318.5859375,18075.091976591888,17291.56951843936,18048.075557531247,10852920
2023-04-11,17885.96875,17885.96875,17237.53569377358,17345.606943703293,12130033
2023-04-12,17588.771484375,17940.007252335174,17534.736779641033,17940.007252335174,6649344
2023-04-13,17129.4609375,17615.786145761223,17129.4609375,17588.767872833836,12524908
2023-04-14,16643.13671875,17426.66112358075,16643.13671875,17264.553328594244,10384510
2023-04-17,16832.26171875,17021.389628469067,16454.009603743594,16643.135661246797,5647941
2023-04-18,17399.642578125,17399.642578125,16670.154733720276,16859.28080029573,9340636
2023-04-19,16994.375,17561.75329418069,16832.265328334437,17399.645474731387,6498765
2023-04-20,16913.318359375,17156.4809887096,16670.1557300404,16994.373186558554,4570897
2023-04-21,17075.427734375,17507.718333623645,16859.283360858797,16967.356473725016,9278685
2023-04-24,16832.26171875,17237.53395878928,16643.135661246797,17048.406049070214,3003331
2023-04-25,16210.8486328125,17075.426041144226,15967.686005192196,17075.426041144226,10903464
2023-04-26,16805.24609375,16832.26437082398,16210.849554770883,16426.993919146575,5674968
2023-04-27,16670.15625,16967.35544006026,16535.0648671471,16859.282333777937,4885393
2023-04-28,17183.498046875,17264.552868315295,16751.20937029196,16859.280613329753,9264294
2023-05-01,17183.498046875,17183.498046875,17183.498046875,17183.498046875,0
2023-05-02,17183.498046875,17183.498046875,17183.498046875,17183.498046875,0
2023-05-03,17183.498046875,17183.498046875,17183.498046875,17183.498046875,0
2023-05-04,17561.75,17777.896188343362,16967.3535387035,16967.3535387035,12454533
2023-05-05,17237.53515625,17642.80557222683,17183.49860686216,17561.750748145067,6768508
2023-05-08,17696.84375,17885.969838044,17345.60799887586,17453.681107595956,9724806
2023-05-09,17669.82421875,17804.915595062357,17561.751117700114,17804.915595062357,5537551
2023-05-10,17642.8046875,17994.040388691697,17615.786414160953,17831.93074865742,8203396
2023-05-11,17507.71875,17831.93439187683,17453.68219228177,17723.86312865665,8847832
2023-05-12,17858.951171875,17885.969448466534,17318.589344476575,17507.71728061731,10853446
2023-05-15,17749.21875,18188.147826634337,17721.78544762687,18160.714524261206,6115297
2023-05-16,17776.650390625,18050.981508044162,17694.35049119894,17749.217090816313,6518596
2023-05-17,17666.91796875,18023.549001287294,17666.91796875,17831.515894176868,10383457
2023-05-18,18599.6484375,18901.4110502261,17639.488343851255,17776.654877516008,21650382
2023-05-19,18627.078125,18873.975981884083,18243.015627921654,18599.64670149555,8020174
2023-05-22,18764.244140625,18873.975473692237,18517.346290388774,18654.51092688981,6337656
2023-05-23,18572.212890625,19066.008590921138,18544.779587201,18846.54404419707,9868716
2023-05-24,18572.212890625,18572.212890625,18572.212890625,18572.212890625,0
2023-05-25,18654.51171875,18764.244937143227,18380.18055343497,18544.780381024808,6333093
2023-05-26,18654.51171875,18873.97627486842,18599.64699022142,18709.378327946615,4580901
2023-05-29,19203.171875,19422.636406268393,18654.509606495107,18873.9741377635,7294833
2023-05-30,19203.171875,19422.636406268393,18928.840740747553,19203.171875,7646535
2023-05-31,18983.708984375,19312.906750062008,18764.244434139655,19038.57559210083,6848185
2023-06-01,19120.873046875,19148.30446654531,18709.375422472007,18983.706545184756,6459628
2023-06-02,19203.171875,19696.96754052084,19203.171875,19258.038477984053,9086161
2023-06-05,18846.54296875,19395.203363917786,18791.67636503287,19340.338640868496,8126527
2023-06-06,19312.908203125,19395.206240237698,18709.379234068554,18873.977188962075,9485248
2023-06-07,19340.33984375,19532.37108803559,19203.173325926033,19477.504480906002,6754468
2023-06-08,18654.51171875,19422.638605498483,18654.51171875,19340.340572371595,9783072
2023-06-09,19093.44140625,19093.44140625,18243.014663849666,18736.810351522658,10543864
2023-06-12,19038.57421875,19148.305545618194,18517.345244289507,19148.305545618194,5827653
2023-06-13,18819.111328125,19175.740522431664,18764.244719564587,19175.740522431664,7599325
2023-06-14,18791.677734375,19258.040138618577,18791.677734375,18928.842372995117,8956993
2023-06-15,18846.54296875,19011.14089923355,18681.943157598602,18819.109666891432,4047907
2023-06-16,19258.0390625,20135.89909488602,18983.70791992111,19120.874431544496,26521033
2023-06-19,20108.46875,20190.766788410077,19312.90850758156,19422.639852351047,14054215
2023-06-20,20300.498046875,20300.498046875,19751.835734184544,20190.764832069723,8221999
2023-06-21,20684.5625,21041.191688194565,20327.931431137455,20355.364734947496,10528771
2023-06-22,20684.5625,20684.5625,20684.5625,20684.5625,0
2023-06-23,20574.828125,20684.56133405473,20218.19707624,20547.394822736318,8888899
2023-06-26,20574.828125,20739.426057914225,19751.834699093142,20574.828125,9405220
2023-06-27,20602.26171875,20794.292956644815,20465.095205490918,20794.292956644815,6278863
2023-06-28,20849.162109375,21013.760064729177,20574.830930005955,20739.428885360132,6879249
2023-06-29,19916.431640625,20849.158229158158,19916.431640625,20849.158229158158,8826246
2023-06-30,20081.033203125,20437.662384670584,19916.43338333355,19971.299989930703,7913997
2023-07-03,20382.796875,20519.961505550797,20108.465733230536,20218.197061537598,5728671
2023-07-04,21809.318359375,21809.318359375,20300.497947217227,20410.23116148381,18538942
2023-07-05,21534.986328125,21864.184076861846,21425.25499899131,21836.750774411452,7487883
2023-07-06,22056.21484375,22385.412585477927,21534.985869625714,21617.285775224656,17363619
2023-07-07,22385.4140625,22412.847366176404,21672.153808917414,22056.216299051124,7135303
2023-07-10,22879.208984375,22961.50889258777,22385.413296434177,22385.413296434177,10129158
2023-07-11,22714.609375,22906.640599346327,22467.711549221072,22824.34069719743,10524208
2023-07-12,22714.609375,23427.869551620475,22714.609375,22824.34069719743,7850115
2023-07-13,22906.642578125,23153.540425232073,22769.477943362373,22961.50918429722,3689536
2023-07-14,23455.302734375,23455.302734375,22522.57615671501,23043.80510636779,8876965
2023-07-17,23208.408203125,23592.47070438482,23180.974898653865,23592.47070438482,4650750
2023-07-18,22988.94140625,23318.137266465917,22824.341595474198,23098.672732766023,4549486
2023-07-19,23208.408203125,23702.203922269357,22879.210430139417,22988.943648023953,6743061
2023-07-20,23043.80859375,23263.275031590056,22522.579565215954,23208.408422130044,8623017
2023-07-21,23318.138671875,23510.171796020808,22659.745031093236,22796.909667672287,9613363
2023-07-24,23180.974609375,23674.77032235721,23126.10800111742,23592.47040997084,6836602
2023-07-25,23592.470703125,23839.368562683998,23180.974897416017,23180.974897416017,9522279
2023-07-26,23619.90234375,23921.666790991298,23427.8711066575,23482.737711731897,5607751
2023-07-27,23427.87109375,23894.233475289653,23208.406554241214,23592.469028214615,7629511
2023-07-28,23757.0703125,24113.6995060055,23373.005934107914,23400.439238326493,7183039
2023-07-31,23866.80078125,24086.26532635402,23455.304994263457,23757.06944903196,6677248
2023-08-01,23153.54296875,23976.536509738984,23153.54296875,23976.536509738984,7474545
2023-08-02,23373.00390625,23510.17041544223,23071.239466694937,23071.239466694937,4217616
2023-08-03,23427.87109375,23866.80017276757,23400.437791227916,23427.87109375,5150574
2023-08-04,24442.896484375,24442.896484375,23427.871783831306,23427.871783831306,7813435
2023-08-07,24580.0625,24634.92722487402,24360.59607783229,24607.493922103055,5280619
2023-08-08,24195.998046875,24689.793733477763,23976.53350623687,24689.793733477763,5418387
2023-08-09,23866.80078125,24250.865145682987,23757.06944903196,23921.66738769299,5984550
2023-08-10,23318.138671875,23866.800979527114,23263.273945644152,23811.936253296266,8335899
2023-08-11,23098.673828125,23510.17149391023,22906.642587114788,23318.13837223209,10747620
2023-08-14,23976.53515625,24388.030963181252,23098.675052617156,23373.00621746067,13540878
2023-08-15,23674.76953125,24003.967289127126,23619.902924825823,23976.533985915037,4801153
2023-08-16,23592.470703125,23949.101780562673,23318.139539096337,23674.770616534006,6688480
2023-08-17,23702.203125,24388.030071705158,23702.203125,23757.069732096723,11791318
2023-08-18,22056.21484375,23784.50157732074,22056.21484375,23537.603741191757,13026136
2023-08-21,22165.94921875,22495.146977817578,21946.484672927596,22495.146977817578,11848005
2023-08-22,23318.138671875,23318.138671875,21452.689082659363,22220.81593723873,13127575
2023-08-23,23043.80859375,23510.172893492076,22879.210646038002,23510.172893492076,4993150
2023-08-24,23784.501953125,23811.93525542477,22934.07522383572,23043.80655236693,8761662
2023-08-25,23921.66796875,24278.299038624056,23647.33681053949,23784.503329978736,10502446
2023-08-28,24141.130859375,24388.02869672234,23976.532928032728,24141.130859375,7254292
2023-08-29,24854.390625,24909.25722802232,23976.53249931417,24360.594959134763,12044916
2023-08-30,25732.251953125,25787.118558965616,24634.92735898435,24909.258507519513,8784828
2023-08-31,25841.986328125,25896.85105576752,25512.788558929853,25649.953199038162,6662682
2023-09-01,25841.986328125,25841.986328125,25841.986328125,25841.986328125,0
2023-09-04,25841.986328125,25841.986328125,25841.986328125,25841.986328125,0
2023-09-05,25512.7890625,25814.5535334961,25430.489148409783,25787.12022879936,13037544
2023-09-06,26061.451171875,26390.64894474816,25238.457680026102,25457.922235052203,8298517
2023-09-07,25622.521484375,26226.048526928247,25595.08818053149,26226.048526928247,6985602
2023-09-08,25732.251953125,25896.84988997893,25403.05419874922,25457.920804589838,4933305
2023-09-11,26061.451171875,26829.578054800364,25787.120007925365,26061.451171875,13433998
2023-09-12,27707.435546875,27707.435546875,26061.448718149404,26171.18004499707,11173207
2023-09-13,27049.041015625,27817.16785327893,26774.709867843743,27817.16785327893,8409609
2023-09-14,26555.244140625,27103.9064117014,26226.046401845593,27103.9064117014,11075805
2023-09-15,26171.181640625,26802.143860972566,26034.01700353568,26610.112616780334,7387497
2023-09-18,26171.181640625,26500.379402574512,25595.087908048306,25869.419062894904,6234462
2023-09-19,26061.451171875,26472.946977465435,25595.08875736103,26171.182509054037,6686023
2023-09-20,27323.37109375,27323.37109375,26061.448615625177,26280.913149124994,10857658
2023-09-21,25787.1171875,27241.07088094154,25787.1171875,27158.772857225482,11183035
2023-09-22,24031.40234375,25101.29372432348,24003.96903853857,24991.560503477758,19063863
2023-09-25,22357.98046875,24333.163262481183,22357.98046875,23894.234170689353,11729542
2023-09-26,22357.98046875,23757.069534754886,22111.0826195336,22357.98046875,14071941
2023-09-27,23592.470703125,23592.470703125,21946.48559962104,23043.808375067674,13121082
2023-09-28,23098.673828125,23565.036219436057,22796.90937472728,23318.13837223209,8215506
2023-09-29,22632.310546875,23482.737267434262,22330.546105343143,23482.737267434262,10681281
2023-10-02,22934.07421875,23263.27195125229,22604.876486247707,22879.207616554984,5289745
2023-10-03,21342.955078125,22769.47740130275,21342.955078125,22604.877586704613,16292191
2023-10-04,21891.6171875,22577.44410074705,20574.828084758083,20629.694689178134,12238492
2023-10-05,20794.29296875,22220.815304135387,20794.29296875,21946.484158125426,8137057
2023-10-06,21397.822265625,21534.986900857035,20163.333025864926,20794.29335700099,11057026
2023-10-09,22220.814453125,22220.814453125,21178.356514344665,21452.687649848325,6856609
2023-10-10,21946.482421875,22906.640416615013,21946.482421875,22467.711369991193,10454886
2023-10-11,23016.375,23016.375,21891.617134769604,22220.81487982911,8620209
2023-10-12,23290.70703125,23537.60487931736,22988.942576797017,23043.807302514702,11504727
2023-10-13,23263.275390625,23318.14012026373,22357.98196256701,22934.07760945227,10599673
2023-10-16,22440.28125,23153.54152202246,22385.41464122873,23043.80830447992,8906976
2023-10-17,20876.59375,22879.209883172593,20876.59375,22604.878725687635,6784303
2023-10-18,20574.828125,21534.9861815574,19422.636952596822,21123.49040893791,15962778
2023-10-19,19148.306640625,20739.426956879608,19148.306640625,20519.96240992517,12519643
2023-10-20,20465.095703125,20465.095703125,18846.543971986048,19340.339670390196,11389950
2023-10-23,19751.8359375,20574.829415007163,19642.104602233172,20519.962807039756,8365207
2023-10-24,20218.19921875,20218.19921875,19696.970181841458,20081.034573564208,7624948
2023-10-25,19998.732421875,20684.561213121593,19861.5677920264,20245.63026013677,6657592
2023-10-26,18654.51171875,19450.071910096787,18599.64699022142,19367.773876969903,22419774
2023-10-27,19532.37109375,19669.535730946132,18654.511021423677,19011.142087202363,14711814
2023-10-30,19230.60546875,19971.29897828798,19148.305563023165,19258.038770658946,9176719
2023-10-31,17886.3828125,19422.63641254286,17886.3828125,19395.20311104197,12724803
2023-11-01,19093.44140625,19093.44140625,17831.5170036769,17996.11682001317,14622835
2023-11-02,20410.228515625,20410.228515625,19285.470737871157,19422.635357255236,15593526
2023-11-03,20574.828125,21123.49040893791,20437.661613681586,20574.828125,16478397
2023-11-06,21233.22265625,21233.22265625,20629.695622333333,20958.891502408624,12776926
2023-11-07,20904.02734375,21507.55439405332,20794.294126966848,21123.4918966483,13223223
2023-11-08,22357.98046875,22357.98046875,20766.860160169683,20849.160070131133,17557546
2023-11-09,22220.814453125,22934.07465316738,22220.814453125,22495.14558862866,19443469
2023-11-10,21864.18359375,22906.64154115925,21809.316990061547,21836.750291905773,17757090
2023-11-13,22220.814453125,22220.814453125,21397.821046614026,21973.91661923849,10955763
2023-11-14,22220.814453125,22851.774748315936,22001.34804018781,22824.341446698785,10736739
2023-11-15,22495.146484375,23180.973410109542,22248.24864065713,22879.208960972614,14012271
2023-11-16,22769.4765625,22769.4765625,22220.814295387438,22440.2788260989,7938040
2023-11-17,22111.08203125,22934.07546696422,21891.61749119312,22824.34225660183,16662321
2023-11-20,22632.310546875,22824.341780334234,21727.019102947288,21727.019102947288,11656710
2023-11-21,23071.240234375,23180.973445380085,22659.744454441752,22851.77569303274,13204269
2023-11-22,23921.66796875,23921.66796875,23071.241190230627,23071.241190230627,19355719
2023-11-23,22248.25,24086.266348496007,22248.25,24086.266348496007,14149161
2023-11-24,23043.80859375,23043.80859375,21672.154641257912,22440.281531693978,15418728
2023-11-27,22220.814453125,23043.805978968147,22220.814453125,22934.07465316738,7643551
2023-11-28,22303.11328125,22440.279794280068,21644.71966070936,22220.815254099853,11687949
2023-11-29,22961.509765625,23153.5410114216,22467.71405890919,22467.71405890919,11167065
2023-11-30,22769.4765625,23318.136948944746,22769.4765625,22961.507791789052,10696725
2023-12-01,23208.408203125,23290.7081165384,22385.414710995057,22988.943648023953,10592829
2023-12-04,24086.263671875,24552.627913938035,23592.468009142664,23757.067817165316,18981553
2023-12-05,23921.66796875,24141.13251918481,23784.503329978736,24086.26591140911,11886088
2023-12-06,24141.130859375,24195.99746337838,23784.501694688766,23949.09962603104,9675490
2023-12-07,23318.138671875,24141.132133353167,22796.909667672287,23976.53419332472,26102817
2023-12-08,22934.07421875,23427.869877169538,22769.47629283275,23318.13667277951,8315190
2023-12-11,23263.275390625,23318.14012026373,22550.01321797274,22934.07760945227,8141269
2023-12-12,23016.375,23373.00416653559,22934.075093568157,23373.00416653559,4536675
2023-12-13,22440.28125,23290.708043950635,22412.847945614365,23208.40813079373,9213399
2023-12-14,22220.814453125,22769.476724132317,22220.814453125,22632.310216046575,9353799
2023-12-15,22220.814453125,22796.908145081637,22220.814453125,22275.679175691468,8269735
2023-12-18,22467.71484375,22742.046010471477,22275.681710577337,22467.71484375,5321335
2023-12-19,22687.177734375,22714.61103709868,22220.81534940826,22467.713193253472,6316069
2023-12-20,22769.4765625,22988.941093211462,22577.44345254313,22824.341284677004,5672335
2023-12-21,22714.609375,22769.475976432597,22522.576269985904,22687.1760742837,3835201
2023-12-22,22495.146484375,23016.375474520264,22275.680062698757,22824.342355553552,6062823
2023-12-25,22632.310546875,22824.341780334234,22275.679501306833,22550.010640820536,5210419
2023-12-26,23043.80859375,23126.10850794002,22687.179393595998,22824.34403657799,9351868
2023-12-27,23071.240234375,23427.871289473613,23071.240234375,23208.406748131354,8419086
2023-12-28,23427.87109375,23592.469028214615,23043.806739108706,23235.839856763298,11556324
2023-12-29,23455.302734375,23537.602636109994,23318.136231483342,23482.73603495333,6725862
2024-01-01,23455.302734375,23455.302734375,23455.302734375,23455.302734375,0
2024-01-02,23208.408203125,23592.47070438482,23071.24168076933,23592.47070438482,12591949
2024-01-03,23427.87109375,23427.87109375,22934.07540968826,23153.539949197046,5847309
2024-01-04,23290.70703125,23949.10066587365,23290.70703125,23482.73827293174,15986119
2024-01-05,23318.138671875,23427.871885672605,23126.107428397147,23373.005278773802,6711822
2024-01-08,23427.87109375,23757.068843347122,23400.437791227916,23455.304396272084,7207960
2024-01-09,23427.87109375,23702.202238302954,23318.13788366166,23592.469028214615,7853625
2024-01-10,22934.07421875,23427.869877169538,22879.207616554984,23400.436576072032,12545617
2024-01-11,23235.841796875,23373.0064402703,22934.07732460368,23016.37723904169,10421190
2024-01-12,23043.80859375,23345.573065112036,22906.643950768008,23043.80859375,8150922
2024-01-15,22495.146484375,23235.840015528604,22495.146484375,23180.973410109542,7308873
2024-01-16,22879.208984375,22879.208984375,22385.413296434177,22495.14650738454,5321335
2024-01-17,23043.80859375,23702.20414593408,22906.643950768008,22934.077255498014,10490161
2024-01-18,23098.673828125,23455.304887716477,23071.240525028123,23180.973737415632,4379953
2024-01-19,23153.54296875,23400.440842979882,23043.80974435088,23373.0075368801,5911191
2024-01-22,23208.408203125,23373.006149283778,22879.210430139417,23373.006149283778,6510348
2024-01-23,23290.70703125,23427.871666546118,23126.107212093135,23208.407121671567,7411716
2024-01-24,23455.302734375,23702.200558912224,23263.27151099444,23290.70481157277,13516834
2024-01-25,23455.302734375,23455.302734375,23455.302734375,23455.302734375,0
2024-01-26,23318.138671875,23537.60509947021,23318.138671875,23345.5719753244,5192694
2024-01-29,23071.240234375,23482.737894976155,23043.80693162373,23455.304592224886,5918211
2024-01-30,23071.240234375,23180.973445380085,22879.20899578401,23071.240234375,6505785
2024-01-31,23537.60546875,23921.667961731237,23153.541095100783,23208.407702860382,19341153
2024-02-01,23729.634765625,23729.634765625,23482.73693165979,23592.468257495533,9125473
2024-02-02,23729.634765625,23729.634765625,23729.634765625,23729.634765625,0
2024-02-05,24086.263671875,24250.86347989765,23921.665744520156,24141.130274549218,10235160
2024-02-06,24580.0625,24936.69167468671,24168.564839103456,24223.431444645383,12302901
2024-02-07,24744.662109375,24936.69336109041,24552.630857659587,24689.795500122586,8690935
2024-02-08,24744.662109375,24744.662109375,24744.662109375,24744.662109375,0
2024-02-09,24744.662109375,24744.662109375,24744.662109375,24744.662109375,0
2024-02-12,24744.662109375,24744.662109375,24744.662109375,24744.662109375,0
2024-02-13,24744.662109375,24744.662109375,24744.662109375,24744.662109375,0
2024-02-14,24744.662109375,24744.662109375,24744.662109375,24744.662109375,0
2024-02-15,24772.095703125,25046.426871920845,24689.795788285828,24744.662398178607,12861868
2024-02-16,24689.794921875,24936.69277706035,24580.063586608172,24799.52813780982,10458571
2024-02-19,24689.794921875,24744.661529842408,24195.9992115043,24689.794921875,14614938
2024-02-20,24689.794921875,25211.023936229405,24634.92831390759,24881.82616909294,11068258
2024-02-21,24580.0625,24717.22713318691,24360.59607783229,24689.793830415947,8724105
2024-02-22,24278.296875,24580.061310205827,24250.86357355694,24415.461501547477,7661101
2024-02-23,23894.232421875,24607.492614000334,23894.232421875,24305.730060896858,13666360
2024-02-26,24799.52734375,24909.258675503323,23757.06934841981,23866.80068017313,13048951
2024-02-27,24936.69140625,25238.455852814277,24689.793564637024,24799.52677453963,11392933
2024-02-28,24772.095703125,25018.993566974455,24607.495873446656,25018.993566974455,9379246
2024-02-29,25018.990234375,25430.485992422357,24826.95900599742,24964.123631790604,16540173
2024-03-01,25704.818359375,26143.749320465853,25238.45597634212,25293.322581561966,15080715
2024-03-04,25704.818359375,26061.449412636088,25622.52033221313,26061.449412636088,8568963
2024-03-05,26226.048828125,26226.048828125,25348.19061772276,25704.81981044817,17843962
2024-03-06,26061.451171875,26939.309391979405,25787.120007925365,26280.9157269011,16078081
2024-03-07,26994.17578125,27597.704713161853,26034.017655573152,26034.017655573152,26874315
2024-03-08,26253.482421875,27268.50716426642,26253.482421875,27268.50716426642,17774113
2024-03-11,26143.75,26692.41042445565,26061.450090031078,26253.481332623953,14082822
2024-03-12,26500.37890625,26637.54542143829,26116.316425058627,26335.78096869197,12956989
2024-03-13,28310.96484375,28310.96484375,26527.81324158828,26719.844489656647,23648800
2024-03-14,28640.162109375,29518.022183320565,28201.2330127362,28585.29550212816,18179518
2024-03-15,29463.154296875,30176.414518112495,28256.096512523054,28695.0274707728,17915040
2024-03-18,28365.83203125,29682.621251850986,27405.67389063171,29298.556867202846,37842538
2024-03-19,27817.166015625,28804.757330128225,27817.166015625,28640.159404600283,9310626
2024-03-20,29188.82421875,29298.555551817237,27762.301843532285,27981.766390334713,17316234
2024-03-21,29627.751953125,30286.147443995083,29188.822879656855,29792.351766176453,14461375
2024-03-22,29463.154296875,30176.414518112495,29298.554482280888,29627.752230801227,15921886
2024-03-25,28530.427734375,29627.75231200509,28475.563010027807,29463.154377627732,14399950
2024-03-26,29188.82421875,29188.82421875,28256.097544004737,28530.42869767476,8246043
2024-03-27,28969.359375,29353.421857800466,28749.89483044717,29353.421857800466,8067033
2024-03-28,29463.154296875,30176.414518112495,29079.08994348996,29353.42108714559,15799914
2024-03-29,29518.021484375,29902.083964672893,29298.55506058429,29518.021484375,6657241
2024-04-01,29408.287109375,29847.216178260824,28859.624832933798,29298.55390181962,14337648
2024-04-02,29408.287109375,29408.287109375,28530.427090935504,29079.08936737671,21266212
2024-04-03,28585.294921875,29847.217459596744,28585.294921875,29408.288371867773,14139859
2024-04-04,28530.427734375,28969.35869382777,28365.829799997642,28530.427734375,9881703
2024-04-05,27268.50390625,28310.96182855065,27268.50390625,28256.095226183712,13462254
2024-04-08,27268.50390625,27872.032770950733,27049.03937745004,27295.937207433468,12382578
2024-04-09,28310.96484375,28310.96484375,27405.67333095054,27433.106635055738,8708836
2024-04-10,27872.033203125,28365.828870748486,27817.16659990732,28365.828870748486,4848538
2024-04-11,27981.765625,28201.23204646771,27268.505397233635,27268.505397233635,7869420
2024-04-12,28585.294921875,28640.161528008102,27926.901290281538,28365.830378010513,8571595
2024-04-15,26610.11328125,28749.895966351472,26610.11328125,28365.831587708744,15859057
2024-04-16,26226.048828125,26610.113205676982,25457.921953689038,26610.113205676982,15997351
2024-04-17,24744.662109375,26555.24705002839,24744.662109375,26555.24705002839,12110377
2024-04-18,24744.662109375,24744.662109375,24744.662109375,24744.662109375,0
2024-04-19,24689.794921875,25841.98616651863,24415.463762705946,24415.463762705946,18225675
2024-04-22,25924.283203125,26335.780866424015,25238.456271850533,25512.787420493903,9875034
2024-04-23,24991.55859375,25951.71668010736,24689.794140151644,25787.118742084593,11389599
2024-04-24,26061.451171875,26308.349031362864,25348.190897873163,25430.488930590436,14287806
2024-04-25,25787.1171875,26061.448321445096,25677.383981654835,26006.581718522513,6534567
2024-04-26,25787.1171875,26006.581718522513,25265.888221071098,25512.786053554904,8507187
2024-04-29,25787.1171875,25787.1171875,25787.1171875,25787.1171875,0
2024-04-30,25787.1171875,25787.1171875,25787.1171875,25787.1171875,0
2024-05-01,25787.1171875,25787.1171875,25787.1171875,25787.1171875,0
2024-05-02,25430.48828125,25814.552653240018,25073.85909368924,25787.119349478733,7515436
2024-05-03,25622.521484375,26116.31719222219,25567.654876687982,25787.11942676807,7538602
2024-05-06,26610.11328125,26857.011138710324,25869.41970886903,25979.151045146948,9374508
2024-05-07,26335.78125,26719.84373529377,26198.61473334655,26719.84373529377,7601431
2024-05-08,26610.11328125,26857.011138710324,26006.58434938343,26006.58434938343,9331335
2024-05-09,26335.78125,26774.71034195515,26061.450097361045,26637.545705969645,9867487
2024-05-10,26198.615234375,26445.513088404998,25951.717380345002,26335.781753651656,7342744
2024-05-13,26280.9140625,26637.545117249065,26088.882824097225,26363.213970673147,6914524
2024-05-14,26143.75,26527.81248518575,26116.316696677026,26335.781242592875,5711472
2024-05-15,26637.544921875,26994.17409334045,26171.18065964897,26171.18065964897,13990333
2024-05-16,26747.27734375,27076.47510680573,26719.844040106356,27049.04180316209,7478055
2024-05-17,26994.17578125,27323.373551444467,26692.411315294074,26802.144532248232,8783073
2024-05-20,27542.8359375,27872.033681791818,27076.473563476175,27213.63819320818,16086505
2024-05-21,27872.033203125,27872.033203125,27213.637725848468,27542.835464486736,8915751
2024-05-22,27433.10546875,28420.69685187806,27378.238862872236,27981.765885523873,14441193
2024-05-23,27433.10546875,27487.970193959845,26390.64747974418,27323.372256994473,11125471
2024-05-24,26308.345703125,27433.103521093508,25787.11674562756,27158.772391849183,17298859
2024-05-27,26088.8828125,26582.67849998357,26006.582904363437,26308.347353529596,8364154
2024-05-28,26774.7109375,26857.01084932265,26226.048620018297,26226.048620018297,11054745
2024-05-29,26664.978515625,26994.174388162657,26171.18094548269,26774.70984624825,6714805
2024-05-30,26171.181640625,26445.512795471597,25732.252545137624,26226.04824772791,9707431
2024-05-31,26061.451171875,26472.946977465435,26061.451171875,26226.049117977567,4806769
2024-06-03,26061.451171875,26061.451171875,26061.451171875,26061.451171875,0
2024-06-04,26939.306640625,27103.906450584753,26610.11078204116,26664.97738536108,6683215
2024-06-05,26747.27734375,27268.506351643256,26747.27734375,26966.741892231166,7508241
2024-06-06,26500.37890625,26966.741296554348,26335.78096869197,26857.009965071637,6679354
2024-06-07,26527.810546875,26911.87488466622,26445.510642919493,26719.841775436707,4530357
2024-06-10,26664.978515625,26994.174388162657,26610.11190997942,26664.978515625,6659172
2024-06-11,27981.765625,27981.765625,26637.54507751767,26747.276407583624,22818685
2024-06-12,28091.498046875,28256.095977685683,27707.435581427457,27981.764839222644,7577914
2024-06-13,27817.166015625,28256.09507081137,27817.166015625,28256.09507081137,9445936
2024-06-14,26884.443359375,28310.96383816837,26884.443359375,27981.766081266847,17108442
2024-06-17,26692.412109375,27103.90980452686,26610.11407487908,26857.011939702967,7021930
2024-06-18,26664.978515625,27103.907599453818,26664.978515625,26884.443057539407,5671107
2024-06-19,26911.876953125,27268.506136340588,26555.24588924146,26719.843829135738,8548429
2024-06-20,26719.84375,27103.908116173097,26500.379203901633,26911.876873420522,5680935
2024-06-21,26445.51171875,26884.44267703438,26445.51171875,26884.44267703438,7743937
2024-06-24,24964.123046875,26445.50999793758,24964.123046875,26171.178872111053,19412055
2024-06-25,25622.521484375,25622.521484375,24991.55925731026,25073.859168840787,7594411
2024-06-26,25403.052734375,25622.51914508619,24964.123674288236,25567.652542408392,4490167
2024-06-27,25211.0234375,25512.787894683195,25183.590134058988,25403.054680919144,3169530
2024-06-28,25293.322265625,25841.984549634344,25183.589056555982,25211.022358823237,6670755
2024-07-01,25869.41796875,25924.28269286445,25293.32237987126,25320.75568226243,4840465
2024-07-02,25869.41796875,26143.749111993784,25787.118061576497,25869.41796875,3376971
2024-07-03,25896.8515625,26116.318000036474,25841.98683378392,25979.15147657618,3826251
2024-07-04,25951.716796875,26280.91455506967,25759.685554873085,25924.28349363645,3359070
2024-07-05,25841.986328125,26171.182216652145,25704.819807348686,26088.88418485436,3392766
2024-07-08,25896.8515625,26226.049338136672,25814.55352909186,25951.718171884117,3398206
2024-07-09,26335.78125,26418.079279324123,25896.850277376903,26006.583490699664,7440849
2024-07-10,25896.8515625,26335.78255690491,25896.8515625,26335.78255690491,4129164
2024-07-11,26335.78125,26582.679099308265,26034.016794030355,26226.04803667724,8329756
2024-07-12,26280.9140625,26555.245209075918,26116.31612682161,26445.51199817839,4301505
2024-07-15,26363.212890625,26527.81081956014,26280.912985823517,26335.779589024507,3142503
2024-07-16,26280.9140625,26610.111814524684,26253.480759775615,26363.213970673147,5957172
2024-07-17,25732.251953125,26555.245398730483,25457.920804589838,26445.51218704925,7534917
2024-07-18,26143.75,26143.75,25512.787784907483,25759.685634146306,3924355
2024-07-19,26061.451171875,26335.78233582463,25896.851345104405,25951.717954027936,5368018
2024-07-22,25979.150390625,26527.812700195544,25869.41905711167,26280.914848955596,7664085
2024-07-23,25238.455078125,26171.179810995804,25238.455078125,26061.448485129265,5925933
2024-07-24,24580.0625,25265.889427270366,24086.264930790563,25128.72291341555,10927858
2024-07-25,24470.330078125,24634.92801939143,24141.132314924173,24580.063292747935,3922776
2024-07-26,24717.228515625,24717.228515625,24470.330657545204,24497.763961850516,2643030
2024-07-29,24799.52734375,25073.858494135206,24799.52734375,24964.12528171395,2224813
2024-07-30,24415.462890625,24936.691886361947,24415.462890625,24772.093949006885,2580376
2024-07-31,24415.462890625,24909.258583358118,24305.7315592776,24497.762799636494,2683921
2024-08-01,23098.673828125,24607.494214445676,23043.807221931245,24607.494214445676,10493320
2024-08-02,23811.935546875,24141.13141716575,22604.87775358258,22687.177661489215,5898028
2024-08-05,22385.4140625,23619.903324598316,22385.4140625,23208.4075307882,9034564
2024-08-06,23592.470703125,23811.937138882353,22495.14792767837,22988.94364679636,8062470
2024-08-07,23921.66796875,24031.401184301398,23318.139044553285,23702.203418315188,2651980
2024-08-08,23784.501953125,24113.697819386503,23455.304206195622,23592.4688370266,4060894
2024-08-09,24854.390625,24909.25722802232,23784.50126940387,23949.09919780301,10140741
2024-08-12,25183.58984375,25183.58984375,24580.062817008846,24689.794148839996,4317300
2024-08-13,25128.72265625,25211.02256372064,24470.32903848855,25211.02256372064,5730777
2024-08-14,24854.390625,25238.454965488418,24744.65929962318,25238.454965488418,4146538
2024-08-15,24549.939453125,25048.136113306646,24411.552862323908,24909.747625083357,2785536
2024-08-16,25878.458984375,25961.49207580549,24632.972100028477,24688.327494315472,11656359
2024-08-19,25601.68359375,26016.84714834602,25546.330097569724,26016.84714834602,4113544
2024-08-20,25740.072265625,26016.847338235064,25380.264102005272,25601.68378060889,8174439
2024-08-21,26072.203125,26155.23431983831,25574.00836628138,25574.00836628138,6250257
2024-08-22,26210.58984375,26210.58984375,25933.814765607574,26127.556751080614,5183217
2024-08-23,26293.625,26570.40009986433,25878.461401492328,26210.591900813997,6226564
2024-08-26,26847.173828125,27013.23812059055,26293.62365667683,26570.398742400914,12565273
2024-08-27,26598.07421875,26957.88047193803,26459.68573873761,26570.39652274752,6134602
2024-08-28,26404.33203125,26653.429413741876,26016.848057339175,26542.72052009116,10497708
2024-08-29,25629.361328125,26598.075025321126,25574.00783186357,26459.68654111219,16889067
2024-08-30,25712.39453125,25795.42762213898,25352.586368153236,25629.36144036102,11094232
2024-09-02,25712.39453125,25712.39453125,25712.39453125,25712.39453125,0
2024-09-03,25712.39453125,25712.39453125,25712.39453125,25712.39453125,0
2024-09-04,25407.94140625,25657.03877800627,25297.23251737062,25407.94140625,6739024
2024-09-05,24909.74609375,25712.393583835517,24826.71300592051,25435.618521825956,13058604
2024-09-06,25186.521484375,25186.521484375,24632.97135313356,24854.391026145713,6412419
2024-09-09,24826.71484375,25186.523020224315,24799.039043180182,25158.845322232275,4389606
2024-09-10,24466.908203125,25020.458359940996,24466.908203125,24992.780662357978,8009995
2024-09-11,24245.48828125,24522.263356933876,24217.810583939397,24522.263356933876,11229894
2024-09-12,24035.138671875,25186.522935287772,24035.138671875,24790.733942500745,8275365
2024-09-13,24035.138671875,24466.908482188122,23891.215401770627,24143.08112445328,8639730
2024-09-16,23387.484375,24251.022043601177,23387.484375,24251.022043601177,7031745
2024-09-17,24574.8515625,24574.8515625,23423.467269676567,23459.448088121746,8445330
2024-09-18,24826.71484375,25150.542202576886,24538.870199992773,24610.831835287634,13143870
2024-09-19,24898.673828125,25078.577897208073,24754.75247028056,24970.63545575823,8669700
2024-09-20,24826.71484375,25222.503837871747,24718.774288229928,25186.523020224315,9779130
2024-09-23,24610.830078125,24898.674701330714,24574.849263046523,24898.674701330714,9023535
2024-09-24,24826.71484375,24826.71484375,24466.908564697907,24646.812652935067,7759800
2024-09-25,25618.29296875,25726.235422268517,24898.676611959883,24934.65742979939,21350790
2024-09-26,26014.080078125,26122.022531687344,25546.331343443737,25690.254614860198,17329680
2024-09-27,25834.17578125,26122.02232176978,25690.254408412333,25906.137416379945,13260240
2024-09-30,26409.869140625,26733.694604700348,25690.25467916371,25798.195235574,15056010
2024-10-01,26265.943359375,26949.57693757711,26265.943359375,26517.809060920747,12910050
2024-10-02,26193.984375,26517.811738253582,26086.04192058214,26122.02273872143,10925820
2024-10-03,26301.927734375,26517.812650638563,25978.100359979653,26265.946914997738,12257460
2024-10-04,26086.041015625,26445.849184535677,26050.060198733932,26301.925916971406,8011845
2024-10-07,27057.51953125,27057.51953125,25978.09698748585,26229.9626904293,12513690
2024-10-08,26841.634765625,27633.212692777477,26805.653950754433,27273.404544071807,18045855
2024-10-09,26913.59765625,27165.46337214371,26733.69357346878,26769.674390025022,9781020
2024-10-10,26193.984375,27273.407021756353,26193.984375,27273.407021756353,15284295
2024-10-11,26517.8125,26553.793319172866,26193.985127444204,26229.96594661707,5552280
2024-10-14,26409.869140625,26877.617876477052,26409.869140625,26625.75404829006,5694435
2024-10-15,25906.13671875,26697.714683862872,25906.13671875,26409.868151094553,9165150
2024-10-16,25726.236328125,25978.10016444778,25654.27468991212,25762.21524980914,6384555
2024-10-17,26409.869140625,26481.83077651335,25582.31222533118,25906.13768940653,9340650
2024-10-18,25978.09765625,26481.829075104655,25978.09765625,26337.90581257475,11734875
2024-10-21,25618.29296875,26193.984156759856,25618.29296875,25978.09924972282,11263320
2024-10-22,25510.3515625,25870.15785824384,25186.524188650466,25618.294020449848,11748105
2024-10-23,25438.388671875,25654.273577149565,25294.46540169196,25510.35030696652,8321130
2024-10-24,24826.71484375,25726.235284935792,24826.71484375,25582.312014346066,13138470
2024-10-25,24826.71484375,24934.657296692294,24538.870199992773,24826.71484375,11022615
2024-10-28,24934.658203125,25258.48557372376,24898.67738416958,25006.619841035834,5820120
2024-10-29,24934.658203125,25150.543116857505,24862.696565214163,25114.562297902088,7266240
2024-10-30,24718.775390625,25042.60086647146,24646.81375212083,24934.658408715204,5998320
2024-10-31,24934.658203125,25150.543116857505,24682.794367859366,24718.775186814786,9308655
2024-11-01,24394.9453125,24970.63645927973,24322.983681974772,24862.694013491888,11038680
2024-11-04,24754.75390625,25078.579351961922,24179.060851789458,24394.94574721216,9894555
2024-11-05,24538.869140625,24934.656220237994,24538.869140625,24898.67540414389,4965030
2024-11-06,25150.54296875,25150.54296875,24718.77504124989,24790.734781314673,9349830
2024-11-07,24934.658203125,25294.46639267918,24934.658203125,25294.46639267918,7569855
2024-11-08,24826.71484375,25150.542202576886,24790.734026102567,25042.599749634588,7856325
2024-11-11,24934.658203125,24970.639022080417,24538.871092037694,24790.73492730333,9187695
2024-11-12,25006.6171875,25618.291044835343,24970.636372362627,25114.559632912118,15480855
2024-11-13,24898.673828125,25222.501152474535,24574.848401197487,24934.654641941615,8505675
2024-11-14,23711.3125,25006.618097223578,23603.370050661008,24862.694831438257,16571655
2024-11-15,23243.5625,24035.13858530059,23063.658413017547,23603.37067396491,14679630
2024-11-18,23747.29296875,24071.11841460352,23243.561545876764,23243.561545876764,8256600
2024-11-19,23207.58203125,23855.234856694286,23171.601213312973,23819.254038757255,5191965
2024-11-20,23531.41015625,23999.15890718704,23171.601965204354,23243.563603413484,8329500
2024-11-21,23891.21484375,23891.21484375,23495.42775762948,23531.40857431518,3766635
2024-11-22,23747.29296875,24107.099230523036,23675.331336910967,23891.214335005934,6909705
2024-11-25,24107.099609375,24107.099609375,23567.38925952263,23747.293341947476,6619050
2024-11-26,24143.08203125,24430.92858227006,24035.13957461748,24143.08203125,6153570
2024-11-27,23999.158203125,24215.04311141898,23891.215748978007,24107.100657271993,3030750
2024-11-28,23783.275390625,24322.985768439332,23783.275390625,24322.985768439332,3399300
2024-11-29,23819.251953125,23999.156027057605,23639.349776614472,23783.273035760554,4499415
2024-12-02,23855.234375,24179.061729894413,23819.25355778951,24179.061729894413,3416175
2024-12-03,23747.29296875,23927.195150925454,23711.312152830484,23783.27378466952,4437450
2024-12-04,23387.484375,23711.31171225873,23315.522744498063,23711.31171225873,6833565
2024-12-05,25006.6171875,25006.6171875,23099.637780063404,23387.48430116239,20429550
2024-12-06,25042.599609375,25366.42696638818,24790.73388725364,25078.580426820907,10352745
2024-12-09,25078.580078125,25150.541712016253,24862.695176451238,25042.599261179374,6863130
2024-12-10,24898.673828125,25114.55871102469,24826.71220049177,25042.597083391458,5153220
2024-12-11,24826.71484375,25114.561384929453,24610.831835287634,24862.695661397433,5104890
2024-12-12,24790.734375,25114.561738384335,24754.755454268437,24862.69601130763,5475870
2024-12-13,24610.830078125,24790.73225609529,24430.926002732624,24538.86844796805,4653315
2024-12-16,24898.673828125,24898.673828125,24466.90595974764,24610.829215014102,3503925
2024-12-17,24754.75390625,25006.617720154354,24754.75390625,24934.656088346786,3345300
2024-12-18,24790.734375,24826.715193153817,24574.85136349936,24754.755454268437,2972025
2024-12-19,24754.75390625,24754.75390625,24179.060851789458,24466.90737901973,9778455
2024-12-20,24574.8515625,24610.83238094518,24394.94747027411,24538.870744054824,5031180
2024-12-23,24682.79296875,24718.773785665893,24538.869701086416,24718.773785665893,2421225
2024-12-24,24251.0234375,24682.793245328874,24143.08098554278,24682.793245328874,5170095
2024-12-25,24538.869140625,24970.637036332097,24287.003427966276,24287.003427966276,6885945
2024-12-26,24322.984375,24610.83090530241,24322.984375,24538.869272726806,3454650
2024-12-27,24287.00390625,24466.907990263364,24251.023089447324,24394.94635665802,5867775
2024-12-30,24179.060546875,24610.830332275495,24179.060546875,24394.945439575247,3399705
2024-12-31,23891.21484375,24287.00382729269,23891.21484375,24215.042193921294,3871530
2025-01-01,23891.21484375,23891.21484375,23891.21484375,23891.21484375,0
2025-01-02,24179.060546875,24251.02217777508,23891.21402327467,23927.19483872471,4531275
2025-01-03,23603.369140625,24179.060284148156,23603.369140625,24143.07946908908,6298830
2025-01-06,23243.5625,23783.274760947363,23099.63923041404,23639.3514913614,6132240
2025-01-07,22883.75390625,23423.46615729675,22847.77308951355,23387.4853405603,6855570
2025-01-08,23135.62109375,23459.448464958346,22703.853162894502,22703.853162894502,4613220
2025-01-09,22883.75390625,23315.5237070874,22883.75390625,23135.61962340515,2641410
2025-01-10,22667.87109375,23207.5814519102,22667.87109375,22955.71573263842,6007905
2025-01-13,23135.62109375,23135.62109375,22272.08333461671,22451.987429732457,5973885
2025-01-14,22919.734375,23171.600088331117,22919.734375,23027.676823570477,2882385
2025-01-15,23063.66015625,23279.545076946284,22955.717695901854,22955.717695901854,4238190
2025-01-16,23063.66015625,23279.545076946284,22955.717695901854,22955.717695901854,4238190
2025-01-17,23351.505859375,23531.40995334657,23243.56340299206,23243.56340299206,2754405
2025-01-20,23207.58203125,23603.37102855732,23171.601213312973,23387.486120935147,2992140
2025-01-21,23567.390625,23855.235276135096,23207.58243930329,23207.58243930329,7217910
2025-01-22,23531.41015625,23783.275889981953,23531.41015625,23783.275889981953,4119930
2025-01-23,24826.71484375,25114.561384929453,23603.370838581774,23711.313291524068,16914285
2025-01-24,24754.75390625,24826.713640635433,24502.88819492351,24790.73282473165,5492070
2025-01-27,24754.75390625,24754.75390625,24754.75390625,24754.75390625,0
2025-01-28,24754.75390625,24754.75390625,24754.75390625,24754.75390625,0
2025-01-29,24754.75390625,24754.75390625,24754.75390625,24754.75390625,0
2025-01-30,24754.75390625,24754.75390625,24754.75390625,24754.75390625,0
2025-01-31,24754.75390625,24754.75390625,24754.75390625,24754.75390625,0
2025-02-03,24970.63671875,25222.50242820544,24322.983934715274,24682.792091080188,14491710
2025-02-04,25042.599609375,25330.44614894227,24898.676339591362,25222.503696604545,9831915
2025-02-05,24970.63671875,25186.52161256895,24790.732640567545,25186.52161256895,9245745
2025-02-06,24861.912109375,25478.022906807066,24861.912109375,25079.361742403595,11156535
2025-02-07,24934.396484375,25006.878422788606,24680.70301075706,24861.912634769877,6281685
2025-02-10,25079.361328125,25441.780562505097,24644.460158060334,24716.94400493635,19486305
2025-02-11,25079.361328125,25369.296715629076,25006.87748124898,25188.087098439028,9142875
2025-02-12,25079.361328125,25478.022485943107,25079.361328125,25151.84517500102,8902980
2025-02-13,25296.814453125,25296.814453125,24861.913255821913,25079.362898877673,5825115
2025-02-14,25622.9921875,25985.40953908749,25550.50833494418,25731.717966333727,17399340
2025-02-17,25767.958984375,26021.65054818696,25514.265509371508,25695.475134374003,13584510
2025-02-18,26021.650390625,26202.860014530266,25659.233054005992,25804.200753130204,14898195
2025-02-19,26311.5859375,26347.82786248577,25949.166687642268,26094.13438758536,9854190
2025-02-20,26311.5859375,26529.037487414636,26130.376312571134,26456.553637443092,11645235
2025-02-21,26275.34375,26311.585674623686,25985.40835301053,26202.85990075263,10356660
2025-02-24,26637.763671875,26674.00559741792,26094.134788731182,26275.344416445787,11573550
2025-02-25,26674.00390625,27108.905074000173,26565.278136514597,26782.729675985403,17832285
2025-02-26,26529.037109375,26963.938291815393,26529.037109375,26782.73058066027,16595820
2025-02-27,26674.00390625,26710.245829495136,26239.10082730839,26637.761983004864,9830835
2025-02-28,26420.3125,26891.45753885905,26420.3125,26565.280204264323,8794980
2025-03-03,27036.421875,27398.841116130854,26275.343379816695,26456.553000382122,16487145
2025-03-04,27145.1484375,27181.39036266804,26529.03762083483,26963.93881165979,10998990
2025-03-05,26891.45703125,27435.084000788,26818.97318048606,27108.90667235027,12139740
2025-03-06,27906.2265625,27906.2265625,26927.6965079117,26927.6965079117,18388755
2025-03-07,28232.404296875,28413.613922814857,27761.26118062291,28051.194670935143,14199300
2025-03-10,28449.85546875,28920.99857872148,28196.161995816077,28413.613544045154,18844110
2025-03-11,28594.82421875,28631.066144787143,28051.19532819285,28232.404958378567,14215635
2025-03-12,28449.85546875,28920.99857872148,28232.403920520923,28848.5166405033,13083930
2025-03-13,28159.919921875,28631.064940541117,27978.71029931111,28413.61339346445,14005845
2025-03-14,28196.162109375,28413.61365847985,27906.22671056853,28051.194409971766,8245800
2025-03-17,28594.82421875,28594.82421875,28196.163032341425,28341.13073649,8673210
2025-03-18,28341.12890625,28776.03199061014,28341.12890625,28776.03199061014,10998180
2025-03-19,28087.4375,28341.130984479867,27978.7117209372,28341.130984479867,11066625
2025-03-20,28413.61328125,28703.548676207178,28123.677886292822,28232.403659401763,10880865
2025-03-21,28341.12890625,28667.306219520106,28268.645058856644,28268.645058856644,17303220
2025-03-24,28594.82421875,28594.82421875,27797.503757124436,28377.37266252714,13180725
2025-03-25,28304.888671875,28812.275633910893,28159.920968436174,28667.307930472067,8978850
2025-03-26,27833.744140625,28341.129165834314,27761.260292567746,28232.40339374843,10362195
2025-03-27,27761.259765625,28087.435164499966,27580.05014892144,27580.05014892144,9622530
2025-03-28,27616.29296875,28014.952227247777,27217.631799060717,27869.986440370452,12577680
2025-03-31,27761.259765625,27869.985535647138,27398.84053221788,27398.84053221788,9861480
2025-04-01,28268.64453125,28268.64453125,27725.017597137554,27906.22530104742,8436690
2025-04-02,28268.64453125,28667.30568447284,28014.951070108193,28268.64453125,13051395
2025-04-03,26311.5859375,27688.77717576785,26311.5859375,27580.051400810527,28102410
2025-04-04,26818.97265625,26818.97265625,24499.493299526355,24644.460998220522,23630535
2025-04-07,26818.97265625,26818.97265625,26818.97265625,26818.97265625,0
2025-04-08,24970.63671875,26094.134486370695,24970.63671875,25876.68484682438,9277335
2025-04-09,23231.029296875,25151.847602058242,23231.029296875,23231.029296875,27809460
2025-04-10,24825.671875,24825.671875,24825.671875,24825.671875,465480
2025-04-11,26311.5859375,26347.82786248577,24789.428910480587,24825.67083546636,21395475
2025-04-14,27036.421875,27036.421875,26166.61760747744,26492.794924495207,15539310
2025-04-15,26456.552734375,26963.93775566521,26130.375420636778,26601.520429369764,11572470
2025-04-16,26674.00390625,27108.905074000173,26529.03621326946,26529.03621326946,15661215
2025-04-17,27253.873046875,27253.873046875,26311.584944015754,26311.584944015754,13128210
2025-04-18,26855.21484375,28014.952622270423,26855.21484375,27435.08373301021,16352685
2025-04-21,25876.68359375,27145.14708924591,25731.715900278137,26963.937472406084,22937985
2025-04-22,25949.166015625,26275.343332049797,24100.83171160078,25441.780990155683,20274705
2025-04-23,26311.5859375,26746.489037329276,26166.618237556908,26746.489037329276,6245505
2025-04-24,26637.763671875,26782.731374046685,26021.65093764534,26420.312118617472,9078210
2025-04-25,26347.828125,26710.247378468666,26275.34427430627,26710.247378468666,8379180
2025-04-28,26637.763671875,26674.00559741792,26239.102490902864,26420.312118617472,7815555
2025-04-29,26818.97265625,26818.97265625,26492.795334188122,26637.763032882292,7509105
2025-04-30,26818.97265625,26818.97265625,26818.97265625,26818.97265625,0
2025-05-01,26818.97265625,26818.97265625,26818.97265625,26818.97265625,0
2025-05-02,26818.97265625,26818.97265625,26818.97265625,26818.97265625,0
2025-05-05,26818.97265625,27253.873841140987,26746.488806902915,27181.3899917939,7921800
2025-05-06,26818.97265625,27253.873841140987,26746.488806902915,27181.3899917939,7921800
2025-05-07,26818.97265625,27290.115765814528,26746.488806902915,26963.938443752653,10139850
2025-05-08,26384.0703125,26782.731495276643,26311.586461086063,26674.00571815574,11543445
2025-05-09,26710.248046875,26927.697693206184,26384.07071059083,26420.31263684463,7940700
2025-05-12,26420.3125,26529.03827819824,26057.89323933919,26384.07057393392,10235430
2025-05-13,26420.3125,26529.03827819824,26057.89323933919,26384.07057393392,10235430
2025-05-14,26710.248046875,27217.633103236556,26601.52226811361,26927.697693206184,10799730
2025-05-15,27326.357421875,27471.32511914416,26565.2789224034,26710.24661967256,21683970
2025-05-16,27471.32421875,27652.533834397167,27326.35652623227,27616.291911267734,11565045
2025-05-19,26601.521484375,27036.422675415826,26529.037634002936,27036.422675415826,11083230
2025-05-20,26601.521484375,27036.422675415826,26529.037634002936,27036.422675415826,11083230
2025-05-21,26782.732421875,27217.633634213256,26456.555079227583,26601.522787070877,9273825
2025-05-22,26818.97265625,27145.14806712036,26601.521108208748,26963.938443752653,9219285
2025-05-23,26456.552734375,27290.115069403433,26456.552734375,26601.520429369764,13836960
2025-05-26,26818.97265625,26818.97265625,25659.23297788818,26384.0695601675,10473570
2025-05-27,26818.97265625,26818.97265625,25659.23297788818,26384.0695601675,10473570
2025-05-28,26818.97265625,27108.90614244682,26710.246882229374,26963.938443752653,10366515
2025-05-29,26492.796875,27217.633499435568,26456.55494821864,26963.94001196605,14752125
2025-05-30,26202.861328125,26674.006373898006,26202.861328125,26674.006373898006,9962055
2025-06-02,26311.5859375,26420.31171245732,25985.40861262804,26021.650537613812,6686955
2025-06-03,26311.5859375,26420.31171245732,25985.40861262804,26021.650537613812,6686955
2025-06-04,26963.9375,27398.840580860655,26674.004023951013,26782.729794166175,24388020
2025-06-05,26565.279296875,27145.148182934143,26529.037372046834,27145.148182934143,9086175
2025-06-06,26710.248046875,26855.215751890188,26492.796489352222,26529.038415606017,7385445
2025-06-09,25514.265625,26202.860291938603,25514.265625,26021.65066611488,9194580
2025-06-10,25514.265625,26202.860291938603,25514.265625,26021.65066611488,9194580
2025-06-11,25695.4765625,25912.92812458871,25478.02500041129,25478.02500041129,6275205
2025-06-12,25695.4765625,25840.44427055914,25659.234635485216,25767.960416529568,3441150
2025-06-13,26202.861328125,26239.103254722926,25840.443973337384,25840.443973337384,7279740
2025-06-16,26021.650390625,26057.892315406054,25550.50727966283,25586.749204443884,6393735
2025-06-17,26021.650390625,26057.892315406054,25550.50727966283,25586.749204443884,6393735
2025-06-18,26130.376953125,26202.8608048734,25949.167323754,26202.8608048734,6481620
2025-06-19,25912.927734375,26420.312793749818,25876.685807905968,26057.89352905951,8485425
2025-06-20,25804.201171875,25985.408887529346,25767.959246505823,25840.44309724418,3932550
2025-06-23,25514.265625,25731.717175988466,25441.78177467051,25550.507550164744,9465390
2025-06-24,25514.265625,25731.717175988466,25441.78177467051,25550.507550164744,9465390
2025-06-25,25949.166015625,26311.585256096998,25767.958306580484,25767.958306580484,10766925
2025-06-26,25985.408203125,26347.82744727138,25804.200492243308,26057.892051954277,8732880
2025-06-27,25731.716796875,26094.134131991297,25659.23294761344,26094.134131991297,6062985
2025-06-30,25912.927734375,26202.861234935634,25912.927734375,25949.16774965242,6678990
2025-07-01,25912.927734375,26202.861234935634,25912.927734375,25949.16774965242,6678990
2025-07-02,25659.232421875,25985.407825677423,25586.748574098576,25912.925889092476,6062850
2025-07-03,26456.552734375,26782.73004811322,25659.232323095257,25659.232323095257,15610590
2025-07-04,26674.00390625,27036.421227509905,26275.342750553522,26456.552366779193,22553775
2025-07-07,26891.45703125,27108.90667235027,26782.73125510409,26818.97318048606,13519440
2025-07-08,26891.45703125,27108.90667235027,26782.73125510409,26818.97318048606,13519440
2025-07-09,27217.6328125,27290.116664233326,26891.45739089161,26963.939331433357,14428395
2025-07-10,27725.01953125,28196.16265218913,27253.874499119313,27253.874499119313,25530120
2025-07-11,27833.744140625,28087.43569763392,27471.32490033872,28014.95184957666,19132065
2025-07-14,30189.46484375,30769.335654615566,29899.529438317215,30588.126026220074,18268335
2025-07-15,30189.46484375,30769.335654615566,29899.529438317215,30588.126026220074,18268335
2025-07-16,29645.8359375,31602.895974230974,29609.594014183076,30225.70479937933,33889320
2025-07-17,30225.705078125,30551.882390985364,29500.868516293434,29718.32005820034,21940470
2025-07-18,29935.76953125,30551.882230074632,29754.56182514009,30443.156459693815,25046010
2025-07-21,29464.62890625,30261.949377990695,29428.38697975308,30225.70745149377,27201825
2025-07-22,29464.62890625,30261.949377990695,29428.38697975308,30225.70745149377,27201825
2025-07-23,30261.94921875,30298.191145056215,28993.483709224074,29247.177193367577,22842945
2025-07-24,30153.220703125,31312.96032847431,30008.253011057404,30515.63993329398,23030055
2025-07-25,30080.73828125,30370.673679112046,29682.079020381207,30261.947904913777,13306545
2025-07-28,32581.427734375,33342.50625352563,31675.381514206812,32110.284617259487,26883765
2025-07-29,32581.427734375,33342.50625352563,31675.381514206812,32110.284617259487,26883765
2025-07-30,30334.431640625,33197.53795020147,30334.431640625,33197.53795020147,39609405
2025-07-31,30370.673828125,30841.816940770954,29718.321090926165,30406.915753035573,23346765
2025-08-01,31204.236328125,31276.720178267286,29645.83737244892,30443.15781282253,20706030
2025-08-04,32363.9765625,32581.42811657719,31747.86573713953,31929.07345434562,19538415
2025-08-05,32363.9765625,32581.42811657719,31747.86573713953,31929.07345434562,19538415
2025-08-06,33197.5390625,34610.97225794328,30443.15843442731,32835.1198043885,45116190
2025-08-07,33777.41015625,33994.861712924445,33088.81547130585,33922.377860699635,15679440
2025-08-08,33704.92578125,34429.76046987254,33306.26268900533,34176.068902212115,18728415
2025-08-11,33270.01953125,33777.40644101536,32690.14877723245,33052.56799849342,19623465
2025-08-12,33270.01953125,33777.40644101536,32690.14877723245,33052.56799849342,19623465
2025-08-13,32980.0859375,33668.680583937305,32690.150544814194,33668.680583937305,16116300
2025-08-14,34067.34375,34139.82759836279,32617.66678274423,33342.505266372114,26187570
2025-08-15,33777.41015625,34973.39180676787,33704.92630402518,34357.277151665345,19041345
2025-08-18,32255.25390625,32980.088624639364,32037.80043282657,32690.153208330306,18756900
2025-08-19,32255.25390625,32980.088624639364,32037.80043282657,32690.153208330306,18756900
2025-08-20,33270.01953125,34067.34181802413,31965.312245901892,32291.489545036766,28627560
2025-08-21,33487.47265625,33487.47265625,31167.99335227727,33161.2972527977,21355110
2025-08-22,33342.5078125,35154.60033756323,33270.02395860214,33559.95937419358,30389580
2025-08-25,31023.025390625,32472.698509772537,30479.398448742537,31892.829644351812,13160070
2025-08-26,31023.025390625,32472.698509772537,30479.398448742537,31892.829644351812,13160070
2025-08-27,32545.185546875,32581.429385157277,30841.81879599841,30841.81879599841,10650960
2025-08-28,32400.216796875,33197.539167235795,32400.216796875,32726.396041395998,14441760
2025-08-29,33523.71484375,33668.68254855197,32327.733190325333,32472.700895127306,17287425
2025-09-01,33523.71484375,33523.71484375,33523.71484375,33523.71484375,0
2025-09-02,33523.71484375,33523.71484375,33523.71484375,33523.71484375,0
2025-09-03,34647.2109375,35372.049425792764,34321.03552895976,35045.87401725252,13679955
2025-09-04,34647.2109375,35372.049425792764,34321.03552895976,35045.87401725252,13679955
2025-09-05,34937.1484375,35227.08385028339,34393.521449722764,34719.69687791246,14597820
2025-09-08,31204.236328125,33342.50608493936,31204.236328125,32871.36297020604,29039175
2025-09-09,31204.236328125,33342.50608493936,31204.236328125,32871.36297020604,29039175
2025-09-10,32545.185546875,32545.185546875,31204.238066904763,31530.415410720485,13559130
2025-09-11,31820.34765625,32653.91194632762,31820.34765625,32545.184258169404,9386550
2025-09-12,32255.25390625,32255.25390625,30515.643319587307,31747.866927709154,15475320
2025-09-15,32726.396484375,32871.36419003922,32327.733382606784,32472.701088271006,8213130
2025-09-16,32726.396484375,32871.36419003922,32327.733382606784,32472.701088271006,8213130
2025-09-17,31965.31640625,33233.783845756894,31965.31640625,33197.540007722215,10398645
2025-09-18,31312.962890625,32146.525277027606,31276.72096464264,31892.831795151113,9364545
2025-09-19,31349.203125,31602.896593187157,31023.02580875937,31457.928897080208,7766010
2025-09-22,30080.73828125,31240.477961506658,29935.77058231898,31095.510262575637,10681740
2025-09-23,30080.73828125,31240.477961506658,29935.77058231898,31095.510262575637,10681740
2025-09-24,30370.673828125,30769.33500214133,30261.948053393273,30261.948053393273,4969350
2025-09-25,31639.138671875,31639.138671875,30189.463614910583,30443.157084337865,11097675
2025-09-26,31856.58984375,31856.58984375,31385.44671754688,31747.865977081266,7146495
2025-09-29,31530.4140625,31530.4140625,30805.577462872483,31167.99480709046,6265485
2025-09-30,31530.4140625,31530.4140625,30805.577462872483,31167.99480709046,6265485
2025-10-01,31494.171875,31820.347290963997,30841.81722068892,31457.929949760495,10385280
2025-10-02,31059.26953125,31747.86612763067,31059.26953125,31494.17264475358,7047540
2025-10-03,30515.640625,31349.202962091804,30515.640625,31312.9610382534,6852465
2025-10-06,32255.25390625,32255.25390625,30515.643319587307,30515.643319587307,13849245
2025-10-07,32255.25390625,32255.25390625,30515.643319587307,30515.643319587307,13849245
2025-10-08,31566.65625,32400.216721976205,31530.41432415829,32400.216721976205,12155130
2025-10-09,31747.865234375,32472.699914103894,31240.478282896624,32182.76833564218,16842195
2025-10-10,31167.99609375,32001.558504411034,31023.028385601712,31820.34886922567,10594800
2025-10-13,31892.83203125,32110.2854999455,31095.51156492728,31276.721196180533,10788255
2025-10-14,31892.83203125,32110.2854999455,31095.51156492728,31276.721196180533,10788255
2025-10-15,31167.99609375,32726.397045152484,30805.578734570914,32255.25390486218,21730680
2025-10-16,30986.78515625,31530.414038958417,30841.81745419442,31385.44633690284,10663110
2025-10-17,30914.30078125,31711.623129041716,30841.816931450754,31240.47810534661,12099375
2025-10-20,28304.888671875,30805.57773381159,28304.888671875,30298.190771775702,17560800
2025-10-21,28304.888671875,30805.57773381159,28304.888671875,30298.190771775702,17560800
2025-10-22,27326.357421875,28631.064786105955,26855.21431694172,28232.40361861576,22222890
2025-10-23,27181.390625,27797.50335880291,26456.554025835194,27761.26143328509,14531265
2025-10-24,26674.00390625,27652.533922677187,26674.00390625,27471.324306451515,9138555
2025-10-27,27108.90625,27833.744746346594,26782.730837835556,27616.293197442614,12234645
2025-10-28,27108.90625,27833.744746346594,26782.730837835556,27616.293197442614,12234645
2025-10-29,27688.77734375,27688.77734375,27000.18076484274,27290.1161664879,10682415
2025-10-30,27435.083984375,27869.98708869846,27326.358208294132,27833.74516333817,8441280
2025-10-31,26891.45703125,27507.56785155194,26818.97318048606,27507.56785155194,8945775
2025-11-03,26094.134765625,27217.63254526915,26094.134765625,27000.180992204176,11696670
2025-11-04,27906.2265625,27906.2265625,25876.684515197892,25876.684515197892,23177745
2025-11-05,27906.2265625,27906.2265625,25876.684515197892,25876.684515197892,23177745
2025-11-06,26674.00390625,27290.114690225844,26637.761983004864,27181.38892049044,8712900
2025-11-07,26094.134765625,26855.215201352414,25804.201272729926,26674.00557379827,10565100
2025-11-10,25949.166015625,26782.73026871059,25767.958306580484,26094.1337118138,10373940
2025-11-11,26601.521484375,26674.00533474706,26057.892606584537,26094.134531770567,6832755
2025-11-12,26529.037109375,26927.696367346067,26347.82748702838,26674.0048072523,18905940
2025-11-13,26202.861328125,26746.49022709385,26130.377474929155,26637.76444730008,16861635
2025-11-14,25912.927734375,26420.312793749818,25804.201954967906,26166.619308466605,18780660
2025-11-17,26239.1015625,26420.311183802973,25876.68423108555,26094.133865457625,11720835
2025-11-18,26384.0703125,26637.76379244877,26202.860683965162,26384.0703125,15032655
2025-11-19,25949.166015625,26420.311028238597,25840.44215467488,26384.069104191396,12347775
2025-11-20,25405.541015625,26057.893787341975,25260.573308311974,25949.16800685721,22424850
2025-11-21,24898.15625,25369.299393229438,24861.91432273684,25369.299393229438,16015455
2025-11-24,24789.427734375,25260.570825645686,24716.943887842364,24898.15350417395,9712035
2025-11-25,24137.07421875,24934.396567050062,24137.07421875,24753.18694243641,22349790
2025-11-26,24934.396484375,25224.32997160398,24282.041837928875,24354.525687534,14248710
2025-11-27,24535.736328125,25079.36331149577,24427.010549212526,25006.879458887455,10120815
2025-11-28,24463.251953125,24898.155059487915,24463.251953125,24753.187357366944,8157510
2025-12-01,24209.55859375,24680.703627965584,24209.55859375,24644.461702256693,8226090
2025-12-02,24644.4609375,24789.428635836986,24137.073993320544,24209.557842489037,15370695
2025-12-03,25115.60546875,25188.08932202484,24571.97848038032,24789.43004020484,9645615
2025-12-04,25405.541015625,25441.782942453254,25079.363674170698,25224.33138148372,15887610
2025-12-05,24970.63671875,25441.78174534868,24934.396704818562,25441.78174534868,9418680
2025-12-08,24535.736328125,25006.879458887455,24427.010549212526,25006.879458887455,8892315
2025-12-09,24716.9453125,25224.33035628212,24209.558357526334,24390.76798430264,17439165
2025-12-10,24861.912109375,25224.32943855031,24716.94441322828,25006.877894330235,6698160
2025-12-11,24789.427734375,25115.603132580414,24535.73427151078,25006.877362781463,6896475
2025-12-12,23702.173828125,24898.1554796121,23702.173828125,24898.1554796121,12212505
2025-12-15,24173.31640625,24535.735659413996,23702.173288328348,23774.65713896115,12678660
2025-12-16,24789.427734375,25296.812748912,23738.41387084324,24209.556962113926,13120110
2025-12-17,24789.427734375,25043.119286047782,24608.218118043413,24789.427734375,7839450
2025-12-18,24789.427734375,25043.119286047782,24608.218118043413,24789.427734375,7839450
2025-12-19,25188.087890625,25188.087890625,24644.46093314879,24934.396329771575,11061495
2025-12-22,25514.265625,25550.507550164744,25006.87867269358,25296.814074011534,11349990
2025-12-23,24861.912109375,25586.748678917105,24861.912109375,25550.506754880425,9325665
2025-12-24,25840.443359375,25985.409151130727,24753.187498461837,24861.913275672312,16479180
2025-12-25,25840.443359375,25985.409151130727,24753.187498461837,24861.913275672312,16479180
2025-12-26,25804.201171875,26021.650812898522,24716.94532199119,25006.87881375307,19186740
2025-12-29,25586.748046875,26275.342675370808,25586.748046875,25804.199585723603,9298665
2025-12-30,25659.232421875,26166.617445118478,25586.748574098576,25949.165901789213,8589780
2025-12-31,25586.748046875,26021.649213380773,25369.296508026397,25731.715739440737,10926495
2026-01-01,25586.748046875,25586.748046875,25586.748046875,25586.748046875,0
2026-01-02,25586.748046875,25586.748046875,25586.748046875,25586.748046875,0
2026-01-05,24608.220703125,25659.234677065266,24354.527213610403,25586.75082291824,14125050
2026-01-06,24644.4609375,25079.36212131945,24318.28361624178,24716.944786668493,10369890
2026-01-07,25115.60546875,25441.78280848678,24716.94618693,24970.63776220032,7942995
2026-01-08,25005.287109375,25740.736216928264,25005.287109375,25299.467528065816,15925005
2026-01-09,24674.333984375,25336.237983125146,24637.561432268114,25299.467370192026,10436985
2026-01-12,26365.8671875,26365.8671875,24784.65134416936,24784.65134416936,29496285
2026-01-13,26218.779296875,26917.45584941577,25814.281222724476,26696.820536242758,19512900
2026-01-14,26108.4609375,26439.411959177196,25409.78246459251,26182.006039911314,20305890
2026-01-15,25630.41796875,26365.867059340027,25446.55521130906,26108.461138096445,15403365
2026-01-16,25520.1015625,26145.234968375116,25005.287755659025,25814.281988794173,15416190
2026-01-19,25593.646484375,25961.372014588997,25520.1013783322,25667.1915904178,8793225
2026-01-20,25998.14453125,26512.958333655773,25703.964107490236,25998.14453125,16287480
2026-01-21,25740.736328125,25998.144195591434,25225.92253236592,25777.508880620207,14307975
2026-01-22,25851.0546875,26439.413604224195,25814.28213400637,25887.827240993625,13546980
2026-01-23,26402.640625,27358.72506124404,25887.8268235642,26255.552352571063,31832460
2026-01-26,27064.546875,27689.6783420161,26476.186022115362,26696.8213419471,32322915
2026-01-27,27211.63671875,27505.815202024227,26733.593532271952,27064.546507525985,20974950
2026-01-28,26586.50390625,27395.498146615246,26439.413691788348,27395.498146615246,17467920
2026-01-29,26586.50390625,26880.684335173308,26512.958799019172,26696.821567096238,8090550
2026-01-30,26954.228515625,26954.228515625,26476.185335061396,26586.502992114536,12770865
2026-02-02,26476.185546875,26843.911073327323,26034.916854306,26843.911073327323,18259695
2026-02-03,26696.8203125,27064.545831373158,26402.63989740147,26512.95755306342,12585645
2026-02-04,27027.7734375,27689.67743616766,27027.7734375,27101.3185417046,21049065
2026-02-05,26549.73046875,27101.31875461791,26549.73046875,27027.773649835523,10375290
2026-02-06,25189.150390625,26476.185870597023,25189.150390625,26329.095658217633,19143405
2026-02-09,25336.23828125,25630.418701566614,25115.604905186327,25630.418701566614,6552630
2026-02-10,25556.873046875,25630.418150372534,25115.604365063555,25409.782839879936,5988600
2026-02-11,26145.234375,26329.095198087245,25556.873535764706,25556.873535764706,8588025
2026-02-12,26402.640625,26696.821048205493,26108.462140968317,26145.234693869003,8061525
2026-02-13,26843.91015625,26843.91015625,26329.094436804564,26329.094436804564,7838235
2026-02-16,26843.91015625,26843.91015625,26843.91015625,26843.91015625,0
2026-02-17,26843.91015625,26843.91015625,26843.91015625,26843.91015625,0
2026-02-18,26843.91015625,26843.91015625,26843.91015625,26843.91015625,0
2026-02-19,26843.91015625,26843.91015625,26843.91015625,26843.91015625,0
2026-02-20,26843.91015625,26843.91015625,26843.91015625,26843.91015625,0
2026-02-23,27174.86328125,27285.180936076555,26954.227971596894,27211.63583285885,10577655
2026-02-24,27211.63671875,27579.360307636234,26880.683743495967,27174.864165943996,13642155
2026-02-25,26843.91015625,27358.72393652171,26843.91015625,27321.95138513275,12432015
2026-02-26,27321.953125,27395.498232461287,26660.049097022275,26880.684419406134,11540745
2026-02-27,28314.80859375,28535.443904111988,27248.408472014544,27321.951636294794,30356640
2026-03-02,28314.80859375,29344.438102932203,27616.13205011078,27910.312463926766,30934035
2026-03-03,28314.80859375,29344.438102932203,27616.13205011078,27910.312463926766,30934035
2026-03-04,30043.1171875,30043.1171875,27910.313022962153,28094.175785279862,45803745
2026-03-05,29785.708984375,31183.064023058447,29785.708984375,30852.11105461858,27196695
2026-03-06,27947.0859375,29748.937153210234,27947.0859375,29417.984176750626,34447005
2026-03-09,25998.14453125,26549.730886625744,25998.14453125,25998.14453125,9701235
2026-03-10,26255.552734375,26843.911650167993,25630.419325972747,26476.186115813725,35631495
2026-03-11,27358.724609375,27947.085446068348,26071.68915745585,26255.551918922523,19508850
2026-03-12,26917.45703125,27321.95318398651,26218.78044803323,26991.002138870066,16796025
2026-03-13,27174.86328125,27689.677064600175,25961.371017331654,26439.41224907298,19144215
2026-03-16,27174.86328125,27726.44961620903,26991.000523205745,27285.180936076555,12053205
2026-03-17,27395.498046875,28130.94911650567,27248.409772122704,27469.04315383807,13519305
2026-03-18,26476.185546875,27542.58763441295,26145.2345122417,27505.815081767716,22224375
2026-03-19,25777.509765625,26108.46274944427,25483.32933556343,26108.46274944427,20486250
2026-03-20,26255.552734375,26329.09590207202,25409.784005360187,25740.736986279026,19294065
2026-03-23,24453.69921875,26034.91705554325,24453.69921875,25667.191526248585,21772395
2026-03-24,25005.287109375,25593.646007582855,24858.19690002959,25078.832214047703,12942180
2026-03-25,25740.736328125,26145.234405572253,25373.01080317295,25483.328460658566,16831800
2026-03-26,26400.0,26550.0,26000.0,26200.0,10722500
2026-03-27,26700.0,26900.0,26200.0,26300.0,8167000
2026-03-30,26150.0,26600.0,25700.0,26000.0,6253100
2026-03-31,26700.0,26950.0,26250.0,26250.0,13442800
2026-04-01,27350.0,27950.0,27150.0,27450.0,14401800
2026-04-02,26950.0,27500.0,26650.0,27050.0,10863400
2026-04-03,26500.0,27200.0,26250.0,26950.0,10407900
2026-04-06,26300.0,26900.0,26300.0,26500.0,6428700
2026-04-07,27200.0,27200.0,26050.0,26700.0,7205500
2026-04-08,29000.0,29000.0,27850.0,28750.0,20082500
2026-04-09,28000.0,28750.0,28000.0,28500.0,10773500
2026-04-10,27900.0,28500.0,27850.0,28300.0,10573300
2026-04-13,28100.0,28300.0,27400.0,27500.0,9510200
2026-04-14,27950.0,28500.0,27900.0,28400.0,6704400
2026-04-15,27700.0,28300.0,27700.0,28100.0,9024400
2026-04-16,27600.0,28000.0,27350.0,27700.0,6633600
2026-04-17,27300.0,27900.0,27300.0,27800.0,5589700
2026-04-20,27400.0,27750.0,27250.0,27300.0,6324700
2026-04-21,26800.0,27700.0,26800.0,27550.0,9107000
2026-04-22,26550.0,26900.0,26500.0,26900.0,6501200
2026-04-23,27150.0,27250.0,26400.0,26600.0,7864900
2026-04-24,27000.0,27150.0,26700.0,27150.0,3495900
2026-04-27,27000.0,27000.0,27000.0,27000.0,0
2026-04-28,26250.0,27050.0,26250.0,27000.0,4846200
2026-04-29,26200.0,26500.0,25900.0,26150.0,8995300
2026-04-30,26200.0,26200.0,26200.0,26200.0,0
2026-05-01,26200.0,26200.0,26200.0,26200.0,0
2026-05-04,26150.0,26700.0,26150.0,26300.0,6414400
2026-05-05,25600.0,26200.0,25600.0,26100.0,8345900
2026-05-06,26500.0,26700.0,25600.0,25800.0,13158800
2026-05-07,25900.0,26750.0,25900.0,26550.0,10042500
2026-05-08,25950.0,26300.0,25800.0,25900.0,6295800
2026-05-11,25700.0,26450.0,25700.0,26000.0,10693500
2026-05-12,25500.0,25900.0,25400.0,25700.0,6732300
2026-05-13,25700.0,26100.0,25350.0,25650.0,8199800
2026-05-14,25950.0,26100.0,25650.0,25950.0,3877800
2026-05-15,25600.0,26200.0,25600.0,26050.0,6144600
2026-05-18,25750.0,25900.0,25350.0,25550.0,5827400
2026-05-19,25600.0,26300.0,25600.0,25950.0,10422800
2026-05-20,24950.0,25700.0,24200.0,25550.0,13665400
2026-05-21,24600.0,25150.0,24600.0,25100.0,5509000
2026-05-22,25000.0,25800.0,24300.0,24550.0,10250000
2026-05-25,24750.0,25300.0,24700.0,25100.0,4388500
2026-05-26,25100.0,25350.0,24700.0,24750.0,6068500
2026-05-27,25100.0,25350.0,25050.0,25250.0,4190200
2026-05-28,25000.0,25550.0,25000.0,25200.0,6066100
2026-05-29,24650.0,25250.0,24500.0,24950.0,6273900
2026-06-01,24700.0,25100.0,24650.0,24700.0,3912900
2026-06-02,24350.0,25000.0,24050.0,24650.0,5719500
2026-06-03,24500.0,24850.0,24050.0,24300.0,7880500
2026-06-04,24350.0,24650.0,24200.0,24500.0,4656600
2026-06-05,24150.0,24550.0,24150.0,24400.0,3996500
2026-06-08,23400.0,23950.0,23400.0,23900.0,8901600
2026-06-09,23400.0,23700.0,23150.0,23600.0,4290900
2026-06-10,23500.0,23750.0,23300.0,23350.0,3793000
2026-06-11,23400.0,23650.0,23350.0,23450.0,3601800
2026-06-12,23600.0,24050.0,23400.0,24000.0,5353400
2026-06-15,24450.0,24550.0,23900.0,24050.0,8350100
2026-06-16,24850.0,25000.0,24200.0,24500.0,9096900
2026-06-17,24650.0,25100.0,24650.0,24950.0,7218600
2026-06-18,24500.0,25050.0,24500.0,24700.0,6398600
2026-06-19,24600.0,24900.0,24400.0,24500.0,5634600
2026-06-22,25000.0,25400.0,24600.0,24750.0,9119100
2026-06-23,24500.0,25250.0,24500.0,25200.0,8305300
2026-06-24,24150.0,24650.0,24000.0,24450.0,5582300
2026-06-25,24050.0,24500.0,24050.0,24150.0,3025200
2026-06-26,24050.0,24200.0,24000.0,24100.0,2958000
2026-06-29,24350.0,24650.0,24150.0,24150.0,3492800
2026-06-30,24350.0,25000.0,24350.0,24400.0,5414700
2026-07-01,24350.0,25000.0,24350.0,24400.0,5414700
2026-07-02,24850.0,25050.0,24650.0,25050.0,5871400
2026-07-03,25100.0,25400.0,24700.0,24900.0,10503400
2026-07-06,24450.0,25350.0,24100.0,25200.0,7567900
2026-07-07,24900.0,24900.0,24200.0,24550.0,5244900
2026-07-08,25400.0,25900.0,24900.0,24900.0,16228300
2026-07-09,25100.0,25400.0,25050.0,25250.0,5103400
2026-07-10,24450.0,25300.0,24450.0,25200.0,7062200
2026-07-13,23700.0,24400.0,23100.0,24300.0,11899600
2026-07-14,23400.0,23900.0,23200.0,23250.0,7708000
2026-07-15,22400.0,23600.0,22400.0,23400.0,8959500
2026-07-16,21850.0,22600.0,21050.0,22450.0,14094000
2026-07-17,21250.0,22300.0,21250.0,21850.0,6649700
2026-07-20,20000.0,21000.0,19800.0,21000.0,14313300
2026-07-21,20150.0,20650.0,19900.0,19900.0,9487900
2026-07-22,19900.0,20600.0,19550.0,20250.0,11126000
2026-07-23,20500.0,20950.0,19050.0,19800.0,8618800
2026-07-24,19800.0,20250.0,19650.0,20200.0,4991700
2026-07-27,18450.0,20100.0,18450.0,20000.0,8949200
2026-07-28,19700.0,19700.0,18150.0,18200.0,16485000
2026-07-29,20800.0,20800.0,20050.0,20050.0,10949300
2026-07-30,21500.0,21800.0,20600.0,20750.0,13140700
2026-07-31,21300.0,21800.0,21150.0,21800.0,9945000
2026-08-03,21750.0,22200.0,21400.0,21600.0,11432900
2026-08-04,21850.0,22100.0,21500.0,21850.0,7388400
2026-08-05,21500.0,22250.0,21500.0,22150.0,8223700
2026-08-06,21750.0,22200.0,21300.0,21500.0,11625200
2026-08-07,21750.0,22000.0,21550.0,21850.0,6367600
2026-08-10,22100.0,22250.0,21800.0,22000.0,7662200
2026-08-11,22100.0,22850.0,22100.0,22200.0,13388800
2026-08-12,22050.0,22350.0,21900.0,22200.0,7548400
2026-08-13,21600.0,22400.0,21600.0,22300.0,10351300
2026-08-14,21800.0,22100.0,21450.0,21600.0,9427900
2026-08-17,21500.0,21900.0,21450.0,21750.0,4339500
2026-08-18,21150.0,21700.0,20750.0,21550.0,8717500
2026-08-19,20950.0,21250.0,20600.0,21000.0,6076800
2026-08-20,20700.0,21250.0,20650.0,21150.0,6203200
2026-08-21,22100.0,22100.0,20750.0,20750.0,13297500
2026-08-24,22100.0,22700.0,22100.0,22500.0,11333600
2026-08-25,22400.0,22800.0,22050.0,22100.0,17433900
2026-08-26,22500.0,22600.0,22050.0,22400.0,10283400
2026-08-27,22600.0,22850.0,22450.0,22550.0,8727300
2026-08-28,22850.0,23150.0,22500.0,22600.0,11701200
2026-08-31,22850.0,22850.0,22850.0,22850.0,0
2026-09-01,22850.0,22850.0,22850.0,22850.0,0
2026-09-02,22850.0,22850.0,22850.0,22850.0,0
2026-09-03,22250.0,22850.0,22250.0,22600.0,8837000
2026-09-04,22300.0,22600.0,22250.0,22350.0,5496100
2026-09-07,21700.0,22550.0,21550.0,22250.0,12109300
2026-09-08,21700.0,22050.0,21600.0,21650.0,5096700
2026-09-09,21700.0,21700.0,21700.0,21700.0,0
2026-09-10,21300.0,21600.0,21000.0,21100.0,4738000
2026-09-11,20050.0,21150.0,20000.0,21150.0,18681700
2026-09-14,19600.0,20200.0,19450.0,20000.0,13099900
2026-09-15,19800.0,20200.0,19750.0,19750.0,6922100
2026-09-16,19250.0,20100.0,19250.0,19900.0,8853200
2026-09-17,20000.0,20550.0,19150.0,19200.0,18343400
2026-09-18,20650.0,20900.0,20200.0,20400.0,14508300
2026-09-21,20150.0,20950.0,20150.0,20950.0,10586600
2026-09-22,20400.0,20650.0,20250.0,20300.0,4534500
2026-09-23,20200.0,20600.0,20000.0,20400.0,6421500
2026-09-24,20100.0,20300.0,19850.0,20200.0,8067100
2026-09-25,19800.0,20150.0,19800.0,20000.0,7011700
2026-09-28,19450.0,19800.0,19150.0,19750.0,8346300
2026-09-29,19450.0,19900.0,19200.0,19350.0,7033100
2026-09-30,19350.0,19750.0,19350.0,19600.0,3894000
2026-10-01,19500.0,19700.0,19250.0,19400.0,5345100
2026-10-02,18650.0,19550.0,18650.0,19450.0,9371600
2026-10-05,18600.0,19250.0,18600.0,18950.0,8406600
2026-10-06,19400.0,19400.0,18150.0,18650.0,11777200
2026-10-07,19100.0,19450.0,19100.0,19450.0,3978100
2026-10-08,18550.0,19200.0,18550.0,18900.0,8348012
